名称,浏览量,下载量,数据领域,国家主体,部门主题,公开属性,更新频率,发布时间,格式
 1978年以来住宅投资和竣工建筑面积      ,43900,37267,城市建设,统计,业务类,普通公开,每年,2015/1/28,XLS
 体育设施对外开放学校名录      ,32925,29344,教育科技,教育,业务类,普通公开,每年,2014/11/5,XLS
 上海市公务员管理机构概况信息      ,21149,17548,机构团体,综合类,其他类,普通公开,每年,2015/3/6,XLSX
 上海市生猪养殖情况一览表      ,9694,4098,经济建设,畜牧业,业务类,普通公开,每月,2015/10/23,XLS
 上海市高等教育机构名单      ,16592,14729,教育科技,教育,业务类,普通公开,每年,2014/11/5,XLS
 公共信用信息查询服务      ,4931,911,信用服务,综合类,其他类,特定公开,每月,2016/4/26,API
 公交走向      ,701,99,道路交通,交通运输,机构职能,普通公开,每年,2016/11/24,XLS
 交通事故记录      ,2268,389,,政法、监察,业务类,普通公开,,2016/8/24,API
 上海市基础测绘成果      ,24178,19654,城市建设,城乡规划,业务类,普通公开,每年,2012/12/20,XLS
 交通违法记录      ,2040,261,,政法、监察,业务类,普通公开,,2016/8/24,API
 行程时间检测器实时流量信息      ,4035,584,,政法、监察,业务类,普通公开,,2016/9/8,API
 机动车驾驶证记分信息      ,5895,1333,,政法、监察,业务类,普通公开,,2015/12/21,API
 上海中心城区每月供水水质      ,6626,2791,资源环境,水利,业务类,普通公开,每月,2015/10/30,XLS
 市国资委监管单位基本信息      ,6334,4474,经济建设,综合政务类,机构职能,普通公开,每年,2015/10/22,CSV
 电子警察违法未处理情况信息      ,4958,803,,政法、监察,业务类,普通公开,,2015/12/21,API
 上海各类博物馆情况一览表      ,9601,6888,文化休闲,文物、考古,业务类,普通公开,每年,2014/12/31,XLS
 旅馆信息      ,2110,462,,政法、监察,业务类,普通公开,,2016/7/21,API
 上海旅游统计数据-旅游饭店客房平均出租率和平均房价      ,4398,2686,文化休闲,旅游,业务类,普通公开,每月,2016/1/15,XLSX
 上海旅游统计数据-旅行社国内旅游组团人数和接待人数（人次）      ,4348,2763,文化休闲,旅游,业务类,普通公开,每月,2016/1/15,XLSX
 上海中心城区每月供水水量      ,8662,3782,资源环境,水利,业务类,特定公开,每月,2015/1/5,XLS
 驾驶员预约信息      ,218,23,道路交通,公安,业务类,特定公开,每月,2016/12/13,XLS
 公交监管日统计信息       ,447,64,道路交通,交通运输,机构职能,普通公开,每年,2016/11/22,XLS
 高架上匝道关闭时间      ,8502,5021,道路交通,公安,业务类,普通公开,每季度,2014/11/24,XLS
 选号号牌资源      ,1416,155,,政法、监察,业务类,普通公开,,2016/8/24,API
 市场主体发展统计数据      ,317,46,,经济管理,机构职能,普通公开,,2016/12/2,API
 上海旅游统计数据-入境外国人按主要客源国分（人次）      ,3697,2455,文化休闲,旅游,业务类,普通公开,每月,2016/1/14,XLSX
 上海旅游统计数据-旅行社组织出境旅游人数（人次）      ,3682,2229,文化休闲,旅游,业务类,普通公开,每月,2016/1/15,XLSX
 上海旅游统计数据-旅行社外联、接待入境旅游人数（人次）      ,3553,2290,文化休闲,旅游,业务类,普通公开,每月,2016/1/15,XLSX
 上海旅游统计数据-本市接待入境旅游者人数（人次）      ,3542,2345,文化休闲,旅游,业务类,普通公开,每月,2016/1/14,XLSX
 全市市场监督管理所及工商所地址及电话      ,381,19,经济建设,工商,机构职能,普通公开,每年,2016/11/24,XLS
 全市医疗机构主要业务情况统计表      ,1728,472,卫生健康,医疗保健,机构职能,特定公开,每年,2016/7/12,XLSX
 省际客运站      ,458,35,道路交通,交通运输,业务类,普通公开,每半年,2016/11/16,XLSX
 住房公积金信息      ,718,113,,城乡建设、环境保护,业务类,普通公开,,2016/10/20,API
 迷途人员基本信息      ,1567,191,,政法、监察,业务类,普通公开,,2016/7/21,API
 区县域医疗机构院主要业务情况统计表      ,1644,475,卫生健康,医疗保健,机构职能,特定公开,每年,2016/7/12,XLS
 流通领域商品监测信息      ,284,40,,经济管理,机构职能,普通公开,,2016/12/2,API
 根据市统一审批编码查询市农委行政审批事项办理情况      ,177,27,,农业、水利,业务类,普通公开,,2016/12/13,API
 药械化稽查办案信息      ,90,7,卫生健康,医药卫生管理,业务类,普通公开,每二周,2016/12/22,XLSX
 驾驶员外地人暂住证统计      ,170,13,道路交通,公安,业务类,特定公开,每月,2016/12/13,XLS
 交通出行信息      ,6463,1482,道路交通,交通运输,业务类,普通公开,实时,2015/1/9,API
 上海市工程咨询单位资格名录（央企）      ,2544,508,经济建设,综合类,其他类,普通公开,每年,2016/3/21,XLS
 工业类投资项目备案数据      ,2309,84,,工业、交通,机构职能,"依申请公开
          
          
          
   
    
             
         
          
			   申请 ",,2016/4/14,API
 售后公房维修资金信息      ,641,82,,城乡建设、环境保护,业务类,普通公开,,2016/10/20,API
 地表水水质状况      ,4599,829,资源环境,环境污染、监测,业务类,普通公开,每月,2015/7/23,XLS
 全市医疗机构分区县域分科门诊诊疗情况统计表      ,1540,329,卫生健康,医疗保健,机构职能,特定公开,每年,2016/7/8,XLS
 市局外国（地区）常驻代表机构注销公告数据      ,339,32,,经济管理,机构职能,普通公开,,2016/11/23,API
 电动自行车更正授权信息      ,164,8,道路交通,公安,业务类,普通公开,每月,2016/12/13,XLS
 核发拖拉机号牌、行驶证      ,162,12,经济建设,农业,业务类,普通公开,每年,2016/12/13,XLS
 城市道路信息      ,538,95,道路交通,市政工程,业务类,普通公开,每年,2016/10/28,XLS
 上海市实验性示范性高中信息      ,314,30,教育科技,教育,业务类,普通公开,每年,2016/11/24,XLS
 食品稽查办案信息      ,82,7,卫生健康,医药卫生管理,机构职能,普通公开,每二周,2016/12/22,XLSX
 垃圾分类场所      ,3495,2559,城市建设,城乡建设、环境保护,业务类,普通公开,每年,2015/10/30,XLS
 水利工程项目基本信息      ,2700,321,,农业、水利,业务类,普通公开,,2016/2/4,API
 车辆统计信息      ,5847,1543,道路交通,交通运输,业务类,普通公开,每半年,2015/1/13,XLSX
 海洋经济统计数据（全国）      ,195,15,经济建设,统计,业务类,普通公开,每年,2016/12/8,XLS
 企业认证情况      ,201,23,经济建设,综合类,业务类,普通公开,每年,2016/12/7,XLSX
 共有产权保障住房房源      ,365,52,城市建设,房地产,业务类,普通公开,每年,2016/11/16,XLS
 外地人在本市申请学习驾驶证统计信息      ,150,11,道路交通,公安,业务类,特定公开,每月,2016/12/13,XLS
 车辆环保标志作废声明      ,2685,287,资源环境,环境保护、治理,业务类,普通公开,每月,2016/1/25,API
 港口危货作业许可证      ,306,20,道路交通,交通运输,业务类,普通公开,每年,2016/11/23,XLSX
 派出所基本情况      ,10031,5438,公共安全,,业务类,普通公开,每年,2013/6/28,XLS
 道路施工单位信息      ,1155,153,道路交通,公安,业务类,特定公开,每月,2016/8/4,XLS
 环境统计年报和公报      ,1370,259,资源环境,环境保护、治理,业务类,普通公开,每年,2016/7/7,XLS
 全市纳税信用等级统计      ,3275,628,信用服务,税务,业务类,普通公开,每年,2015/11/2,XLSX
 作品著作权登记      ,1966,1131,文化休闲,新闻出版,业务类,普通公开,每年,2016/4/18,XLS
 上海市“四新”经济创新基地试点单位名单      ,524,46,经济建设,经济发展计划,业务类,普通公开,每年,2016/10/24,CSV
 停车场（库、位）      ,5432,1642,道路交通,交通运输,业务类,普通公开,每半年,2015/1/13,XLSX
 海洋经济统计数据（上海）      ,181,11,经济建设,统计,业务类,普通公开,每年,2016/12/8,XLS
 上海市示范性幼儿园信息      ,284,27,教育科技,教育,业务类,普通公开,每年,2016/11/24,XLS
 上海市专利统计信息      ,2472,375,教育科技,综合类,业务类,普通公开,每年,2016/2/5,XLS
 全市医疗卫生机构、床位、人员基本情况统计表      ,1292,301,卫生健康,医疗保健,机构职能,特定公开,每年,2016/7/12,XLSX
 合同示范文本查询      ,283,16,经济建设,工商,机构职能,普通公开,每年,2016/11/24,XLS
 上海第二工业大学校园一卡通数据      ,279,22,教育科技,教育,业务类,普通公开,每年,2016/11/24,XLSX
 赛事信息      ,5212,785,文化休闲,体育,业务类,普通公开,每年,2015/1/21,XLS
 区县水务行政审批业务受理管理信息      ,5313,1656,资源环境,水利,业务类,特定公开,每月,2014/12/29,XLSX
 机动车基本信息      ,939,137,,政法、监察,业务类,普通公开,,2016/8/24,API
 上海市第三次经济普查主要数据公报（第一号）      ,3855,791,经济建设,统计,机构职能,普通公开,每五年,2015/7/17,DOC
 人力资源社会保障相关统计数据（年报）      ,2774,454,社会发展,劳动人事综合类,业务类,普通公开,每年,2015/12/9,XLSX
 本市医疗机构医疗服务项目和价格      ,3131,583,卫生健康,物价,机构职能,普通公开,每年,2015/10/19,XLS
 食品经营单位信息-食品流通企业      ,3072,1289,卫生健康,医药卫生管理,业务类,特定公开,二周,2015/10/27,XLSX
 上海市水务项目咨询评估信息      ,375,38,资源环境,水利,业务类,普通公开,每季度,2016/11/9,XLSX
 公交线路首末班车时间      ,5071,1127,道路交通,交通运输,业务类,普通公开,每半年,2015/1/13,XLSX
 渣土政务信息公开      ,594,62,,城乡建设、环境保护,业务类,普通公开,,2016/10/8,API
 弃婴弃儿基本信息      ,1146,149,,政法、监察,业务类,普通公开,,2016/7/21,API
 市国有资产统计信息      ,2986,877,经济建设,经济管理综合类,机构职能,普通公开,每年,2015/10/21,CSV
 招标、拍卖、挂牌用地审批      ,1332,249,城市建设,土地,业务类,普通公开,每年,2016/6/17,XLS
 智慧园区      ,2904,686,经济建设,信息产业综合类,业务类,普通公开,每年,2015/10/27,CSV
 上海市基础教育机构名单      ,5221,3073,教育科技,教育,业务类,普通公开,每年,2014/11/5,XLS
 企业获奖情况      ,265,16,经济建设,综合类,业务类,普通公开,每年,2016/11/22,XLSX
 妇女常见病筛查情况年报信息      ,1041,165,卫生健康,医疗保健,机构职能,特定公开,每年,2016/7/26,XLSX
 环境状况公报      ,1324,248,资源环境,城乡建设、环境保护,规划计划,普通公开,每年,2016/6/12,DOC
 行政处罚立案信息      ,306,35,道路交通,交通运输,业务类,特定公开,每年,2016/11/15,XLSX
 全市国有资产评估情况统计信息      ,2844,640,经济建设,综合政务类,机构职能,普通公开,每年,2015/10/21,CSV
 电动自行车历史信息      ,421,41,道路交通,公安,业务类,特定公开,每月,2016/10/28,XLS
 上海市智慧城市体验中心      ,2797,1072,城市建设,信息产业综合类,业务类,普通公开,每年,2015/10/27,XLS
 驾校异地培训人数额度信息      ,123,5,道路交通,公安,业务类,特定公开,每月,2016/12/13,XLS
 事业单位招录信息      ,2521,326,社会发展,人事工作,业务类,普通公开,实时更新,2015/12/7,API
 高级专业技术职务任职资格评审通过人员公示信息      ,2510,374,社会发展,工资职称,业务类,普通公开,实时更新,2015/12/7,API
 全市交通事故多发道路信息      ,2822,680,道路交通,公安,业务类,普通公开,每年,2015/10/19,XLS
 食品经营单位信息-餐饮企业      ,2761,80,卫生健康,医药卫生管理,业务类,特定公开,二周,2015/10/27,XLSX
 消防烟花爆竹燃放许可证      ,734,52,公共安全,公安,业务类,特定公开,每半年,2016/9/8,XLS
 暂住证白名单信息      ,717,73,民生服务,公安,业务类,特定公开,每月,2016/9/8,XLS
 上海优秀首席信息官名单      ,444,48,经济建设,经济管理综合类,业务类,普通公开,每年,2016/10/20,CSV
 市规划和国土资源管理局公告类信息      ,1222,207,城市建设,综合类,其他类,普通公开,每半年,2016/6/14,XML
 公路应急储备物资及机具表统计      ,242,14,道路交通,交通运输,业务类,特定公开,每年,2016/11/22,XLS
 儿童和孕产妇健康状况年报信息      ,1065,180,卫生健康,医疗保健,机构职能,特定公开,每年,2016/7/8,XLSX
 新材料十大园区      ,439,33,经济建设,工业,业务类,普通公开,每年,2016/10/20,CSV
 上海名牌(及政府质量奖获奖信息)      ,240,22,经济建设,综合类,业务类,普通公开,每年,2016/11/22,XLSX
 孕产妇保健和健康情况年报信息      ,951,165,卫生健康,医疗保健,机构职能,特定公开,每年,2016/7/26,XLSX
 危险化学品建设项目信息       ,2279,304,公共安全,综合政务类,机构职能,特定公开,每半年,2015/12/15,XLS
 上海市船舶过闸收费信息       ,2505,301,道路交通,水利,业务类,特定公开,每年,2015/10/28,XLS
 污水处理设施信息      ,2499,409,资源环境,综合类,业务类,普通公开,每年,2015/10/29,XLSX
 上海市工程咨询单位资格名录（甲级）      ,1660,339,经济建设,综合类,其他类,普通公开,每年,2016/3/21,XLS
 市发改委行政审批事项办理状态查询      ,2099,262,,综合政务,机构职能,普通公开,,2016/1/5,API
 市绿容局政务公开信息      ,996,94,,城乡建设、环境保护,业务类,普通公开,,2016/7/13,API
 渔业捕捞许可证审批      ,110,5,经济建设,渔业,业务类,普通公开,每年,2016/12/13,XLS
 上海市免疫规划专业人员数据库-2015年      ,1009,150,卫生健康,医疗保健,机构职能,特定公开,每年,2016/7/8,XLS
 上海市中小企业服务机构名录      ,2461,476,经济建设,工业,业务类,普通公开,每年,2015/10/27,CSV
 上海第二工业大学文献资源信息      ,214,15,教育科技,教育,业务类,普通公开,每年,2016/11/24,XLSX
 软件和信息服务业机构      ,3801,738,经济建设,信息产业综合类,业务类,普通公开,每年,2015/2/25,CSV
 上海市进口废塑料加工利用企业环保核查合格名单      ,1141,183,资源环境,环境保护、治理,业务类,普通公开,每季度,2016/6/12,XLS
 第六次人口普查10%人口普查数据就业人口分行业文化构成      ,3956,760,社会发展,统计,业务类,普通公开,每十年,2015/1/28,XLSX
 电力供需平衡预测      ,4380,1444,资源环境,电力,业务类,普通公开,每周,2014/11/7,XLS
 互联网机动车业务受理信息      ,529,43,道路交通,公安,业务类,特定公开,每月,2016/9/28,XLS
 再生资源回收经营企业信息      ,2394,636,资源环境,国内贸易,业务类,普通公开,每年,2015/10/28,XLS
 政府补贴培训清单信息      ,2161,265,社会发展,劳动人事综合类,业务类,普通公开,实时更新,2015/12/7,API
 核发联合收割机号牌、行驶证      ,105,4,经济建设,农业,业务类,普通公开,每年,2016/12/13,XLS
 土地储备审批      ,1094,203,城市建设,土地,业务类,普通公开,每年,2016/6/17,XLS
 郊区轻摩上牌业务量统计      ,359,25,道路交通,公安,业务类,特定公开,每月,2016/10/28,XLS
 工业园区      ,4337,1419,经济建设,工业,业务类,普通公开,每年,2014/11/7,XLS
 公园活动情况      ,2468,414,文化休闲,文体综合类,其他类,普通公开,每月,2015/10/9,XLS
 上海市工程咨询单位资格名录（丙级）      ,1567,337,经济建设,综合类,其他类,普通公开,每年,2016/3/21,XLS
 驾驶员业务受理信息      ,620,45,道路交通,公安,业务类,特定公开,每月,2016/9/8,XLS
 上海市工程咨询单位资格名录（乙级）      ,1528,307,经济建设,综合类,其他类,普通公开,每年,2016/3/21,XLS
 上海两化融合管理体系试点名单      ,390,30,经济建设,工业,业务类,普通公开,每年,2016/10/20,CSV
 上海立信会计学院学生事务信息      ,203,16,教育科技,教育,业务类,普通公开,每年,2016/11/24,XLSX
 上海市“早餐工程”网点分布情况      ,3530,1128,民生服务,商贸综合类,业务类,普通公开,每月,2015/3/9,API
 化妆品抽样信息      ,58,7,卫生健康,医药卫生管理,业务类,特定公开,每月,2016/12/21,XLSX
 科普教育基地信息      ,2415,336,教育科技,科教综合类,其他类,普通公开,每年,2015/9/30,XLSX
 年度物联网应用示范工程奖      ,2267,426,经济建设,信息产业综合类,业务类,普通公开,每年,2015/10/27,XLSX
 上海市教师资格认定机构      ,198,14,教育科技,教育,业务类,普通公开,每年,2016/11/24,XLSX
 上海食用农副产品安全质量安全信息      ,98,4,经济建设,农业,业务类,普通公开,每年,2016/12/13,XLS
 优秀历史建筑信息      ,2114,487,城市建设,房地产,业务类,普通公开,每年,2015/11/18,XLS
 危险化学品生产企业信息       ,1972,319,公共安全,综合政务类,机构职能,特定公开,每季度,2015/12/15,XLS
 消防烟花爆竹批发      ,591,37,公共安全,公安,业务类,特定公开,每半年,2016/9/8,XLS
 上海商业百强企业信息      ,1849,18,,商业、贸易,业务类,"依申请公开
          
          
          
   
    
             
         
          
			   申请 ",,2016/1/5,API
 跨省引进乳用及种用动物调运审批信息      ,97,5,经济建设,畜牧业,业务类,普通公开,每年,2016/12/13,XLS
 上海大学学生事务基本信息      ,193,16,教育科技,教育,业务类,普通公开,每年,2016/11/24,XLSX
 上海市市奖学金分配信息      ,2229,300,教育科技,教育,业务类,普通公开,每年,2015/10/20,XLSX
 上海市优秀学术/技术带头人计划项目资助人员名单      ,2187,327,教育科技,科技管理,业务类,普通公开,每年,2015/10/27,XLSX
 地表水取水口信息      ,268,15,资源环境,水利,其他类,普通公开,每年,2016/11/9,XLSX
 驾驶员审验统计信息      ,758,110,道路交通,公安,业务类,特定公开,每月,2016/8/4,XLS
 市局外国（地区）常驻代表机构设立公告数据      ,197,17,,经济管理,机构职能,普通公开,,2016/11/23,API
 上海市高新技术企业名单      ,2180,60,经济建设,科技管理,业务类,普通公开,每季度,2015/10/27,XML
 人防施工图审查机构信息      ,232,17,公共安全,综合政务,业务类,普通公开,每季度,2016/11/16,XLS
 全社会用电量      ,3960,1280,资源环境,电力,业务类,普通公开,每年,2014/11/7,XLS
 区县取水管理部门信息      ,266,12,资源环境,水利,机构职能,普通公开,每年,2016/11/9,XLSX
 企业获证信息      ,3534,1183,经济建设,检验、检疫,业务类,普通公开,每年,2015/1/27,XLSX
 涉及饮用水卫生安全的产品卫生许可      ,883,138,卫生健康,医疗保健,机构职能,特定公开,每季度,2016/7/8,XLS
 重点行业环境整治信息      ,2039,745,资源环境,环境保护、治理,业务类,普通公开,每年,2015/11/19,XLS
 旧区改造信息      ,2139,384,城市建设,城乡建设,业务类,普通公开,每半年,2015/10/29,XLS
 工商行政处罚信息      ,2046,380,信用服务,工商,业务类,普通公开,每月,2015/11/16,XLS
 生产性服务业功能区      ,3893,846,经济建设,工业,业务类,普通公开,每年,2014/11/7,XLS
 最新上市楼盘相关信息      ,3036,543,民生服务,房地产,业务类,普通公开,每季度,2015/4/29,XLS
 新闻出版驻沪机构      ,1276,206,文化休闲,新闻出版,业务类,普通公开,每年,2016/4/18,XLS
 上海市公共安全防范工程设计施工单位年度核准情况通报      ,876,130,公共安全,公安,业务类,普通公开,每年,2016/7/7,XLS
 健康相关产品生产能力审核      ,868,125,卫生健康,医疗保健,机构职能,特定公开,每季度,2016/7/8,XLS
 公路技术状况统计      ,230,42,道路交通,交通运输,业务类,普通公开,每年,2016/11/15,XLS
 地下水深井信息      ,259,18,资源环境,水利,其他类,普通公开,每年,2016/11/9,XLSX
 农家书屋      ,1258,244,文化休闲,新闻出版,业务类,普通公开,每年,2016/4/18,XLS
 放射工作人员证      ,863,157,卫生健康,医疗保健,机构职能,特定公开,每季度,2016/7/8,XLS
 供水水量统计信息      ,3458,717,资源环境,水利,业务类,普通公开,每天,2015/1/21,API
 建设用地批准文件调整、撤销审批      ,962,204,资源环境,土地,业务类,普通公开,每年,2016/6/17,XLS
 两化融合研究中心和重点实验室      ,2096,336,经济建设,信息产业综合类,业务类,普通公开,每年,2015/10/27,XLS
 保健食品生产单位信息      ,2094,283,卫生健康,医药卫生管理,业务类,特定公开,二周,2015/10/27,XLSX
 1978年以来社会消费品零售总额及其增长速度      ,3406,731,经济建设,统计,业务类,普通公开,每年,2015/1/28,XLS
 上海市审计局审计结果公告      ,2112,500,经济建设,审计,业务类,普通公开,每年,2015/10/22,RAR
 中小企业发展专项资金分配结果      ,2082,374,经济建设,工业,业务类,普通公开,每年,2015/10/27,CSV
 地下水位观测井      ,964,184,资源环境,国土资源与能源综合类,业务类,普通公开,每年,2016/6/14,XLS
 上海社会消费品零售情况      ,3482,681,经济建设,国内贸易,业务类,普通公开,每月,2015/1/5,XLSX
 上海第二工业大学国家奖学金信息      ,182,11,教育科技,教育,业务类,普通公开,每年,2016/11/24,XLSX
 上海市货物贸易进口情况      ,3472,601,经济建设,对外贸易,业务类,普通公开,每月,2015/1/5,XLSX
 上海市税收收入统计情况      ,3583,717,经济建设,税务,业务类,普通公开,每季度,2014/12/11,XLSX
 上海开放大学总校分校联系方式      ,181,12,教育科技,教育,业务类,普通公开,每年,2016/11/24,XLSX
 市规划和国土资源管理局规范性文件      ,956,185,城市建设,综合类,政策法规,普通公开,每半年,2016/6/14,XML
 上海市技术先进型服务企业名单      ,2050,514,经济建设,科技管理,业务类,普通公开,每年,2015/10/27,XML
 近三年外商实际投资实际到位金额总额（月度累计）      ,3340,438,经济建设,统计,业务类,普通公开,每年,2015/1/28,XLS
 上海市高新技术成果转化项目认定结果      ,1906,192,,科技、教育,业务类,普通公开,,2015/11/25,API
 药品抽样信息      ,52,6,卫生健康,医药卫生管理,业务类,特定公开,每月,2016/12/21,XLSX
 停车场静态信息      ,3396,1070,道路交通,交通运输,业务类,普通公开,每半年,2015/1/13,XLSX
 人民调解委员会      ,2026,287,社会发展,政法综合类,其他类,普通公开,每月,2015/10/30,XLS
 取水水费信息      ,250,10,资源环境,水利,其他类,普通公开,每年,2016/11/9,XLSX
 摄像头设置地点      ,3627,1106,道路交通,公安,业务类,普通公开,每季度,2014/11/24,XLS
 卫生监督检查信息      ,1871,284,信用服务,医药卫生管理,机构职能,普通公开,每季度,2015/11/30,XLS
 消毒产品生产企业卫生许可      ,832,126,卫生健康,医疗保健,机构职能,特定公开,每季度,2016/7/8,XLS
 医疗机构执业登记信息      ,216,28,卫生健康,医疗保健,机构职能,特定公开,每年,2016/11/16,XLS
 获GMP认证证书企业信息      ,2027,241,卫生健康,医药卫生管理,业务类,特定公开,二周,2015/10/27,XLSX
 工商不良记录      ,3444,747,经济建设,工商,业务类,普通公开,即时,2014/12/29,API
 工业投资信息      ,3661,900,经济建设,工业,业务类,普通公开,每月,2014/11/7,XLS
 港口经营许可证      ,302,28,道路交通,企业,业务类,普通公开,每年,2016/10/28,XLSX
 赃物、失物招领信息      ,1747,254,,政法、监察,业务类,普通公开,,2015/12/21,API
 近三年社会消费品零售额（月度）      ,3248,558,经济建设,统计,业务类,普通公开,每季度,2015/1/28,XLS
 上海立信会计学院校园网信息      ,175,6,教育科技,教育,业务类,普通公开,每年,2016/11/24,XLSX
 上海市教育人才交流服务中心对外受理部门      ,175,6,教育科技,教育,业务类,普通公开,每年,2016/11/24,XLSX
 上海市荣誉市民获奖者名单       ,3051,1634,社会发展,综合类,其他类,普通公开,每年,2015/3/10,XLS
  注册建筑师执业资格信息      ,1951,279,教育科技,城乡建设,机构职能,普通公开,每月,2015/11/3,XLS
 重点中央在沪企业      ,3596,1081,经济建设,企业,业务类,普通公开,每年,2014/11/7,XLS
 失踪人员信息（治安）      ,1722,177,,政法、监察,业务类,普通公开,,2015/12/21,API
 上海市科技型中小企业技术创新资金项目信息      ,1969,389,教育科技,科技管理,业务类,普通公开,每年,2015/10/27,XLS
 上市公司环保核查      ,1548,239,资源环境,环境保护、治理,业务类,普通公开,每年,2016/1/25,XLS
 浦江人才计划资助人员名单      ,1948,289,教育科技,科技管理,业务类,普通公开,每年,2015/10/27,XLSX
 全市林荫道情况      ,2025,308,文化休闲,城乡建设、环境保护,业务类,普通公开,每半年,2015/10/9,XLS
 上海市2015年市本级一般公共预算支出预算数据      ,2002,499,经济建设,财政,业务类,普通公开,每年,2015/10/13,CSV
 非正常户信息      ,1909,799,经济建设,税务,业务类,普通公开,每月,2015/11/2,XLS
 上海市休闲垂钓场所信息      ,1920,277,文化休闲,渔业,业务类,普通公开,每年,2015/10/29,XLS
 上海第二工业大学班级信息      ,169,11,教育科技,教育,业务类,普通公开,每年,2016/11/24,XLSX
 智慧社区试点单位      ,1920,346,城市建设,信息产业综合类,业务类,普通公开,每年,2015/10/27,CSV
 协议出让土地用地审批      ,879,173,城市建设,土地,业务类,普通公开,每年,2016/6/17,XLS
 市级以上农业产业化重点龙头企业      ,1914,391,经济建设,农业,业务类,普通公开,每年,2015/10/27,XLS
 上海市监察系统单位信息      ,1900,366,机构团体,综合类,其他类,普通公开,每半年,2015/10/30,XLS
 上海市艺术教育特色学校信息      ,168,15,教育科技,教育,业务类,普通公开,每年,2016/11/24,XLS
 水情信息      ,1481,199,,气象、水文、测绘、地震,业务类,普通公开,,2016/2/1,API
 专项资金政务大厅数据推送      ,1157,47,,综合政务,机构职能,"依申请公开
          
          
          
   
    
             
         
          
			   申请 ",,2016/4/14,API
 市场主体发展统计数据      ,1817,382,经济建设,工商,业务类,普通公开,每月,2015/11/16,XLS
 全国环保标志车型目录信息      ,132,15,,城乡建设、环境保护,业务类,普通公开,,2016/12/2,API
 实验动物许可证发证      ,1900,257,教育科技,科技管理,业务类,普通公开,每年,2015/10/26,XLS
 电动自行车产品目录      ,1895,311,经济建设,工业,业务类,普通公开,每年,2015/10/27,CSV
  二手车交易信息      ,1859,411,道路交通,国内贸易,业务类,普通公开,每年,2015/11/3,XLS
 上海第二工业大学图书资源信息      ,166,9,教育科技,教育,业务类,普通公开,每年,2016/11/24,XLSX
 上海市农作物种子生产许可信息表      ,1876,244,经济建设,农业,业务类,普通公开,每年,2015/10/29,XLS
 上海外国留学生政府奖学金分配结果      ,165,10,教育科技,教育,业务类,普通公开,每年,2016/11/24,XLS
 船舶滞留信息      ,204,12,道路交通,交通运输,业务类,特定公开,每年,2016/11/15,XLSX
 药品、医疗器械第三方物流企业信息      ,1863,289,卫生健康,医药卫生管理,业务类,特定公开,二周,2015/10/27,XLS
 智慧村庄试点单位      ,1862,290,城市建设,信息产业综合类,业务类,普通公开,每年,2015/10/27,XLS
 渣土违规信息      ,366,34,,城乡建设、环境保护,业务类,普通公开,,2016/10/8,API
 上海市优良种猪登记结果      ,1860,253,经济建设,畜牧业,业务类,普通公开,每年,2015/10/27,XLS
 应急避难场所信息      ,1734,309,公共安全,综合政务类,业务类,普通公开,每季度,2015/11/25,XLS
 企业监管信息      ,3086,1195,信用服务,检验、检疫,业务类,特定公开,每季度,2015/1/14,XLSX
 总集成总承包领域专项资金分配结果      ,1856,275,经济建设,工业,业务类,普通公开,每年,2015/10/27,CSV
 复制企业基本信息      ,1106,190,文化休闲,新闻出版,业务类,普通公开,每年,2016/4/18,XLS
 人力资源社会保障相关统计数据（半年报）      ,1671,257,社会发展,劳动人事综合类,业务类,普通公开,每半年,2015/12/8,XLSX
 水闸水位数据      ,1422,149,,农业、水利,业务类,普通公开,,2016/2/4,API
 上海市外商实际投资情况      ,3113,528,经济建设,对外贸易,业务类,普通公开,每月,2015/1/5,XLS
 燃煤（重油）锅炉清洁能源替代领域专项资金分配结果      ,1848,240,经济建设,工业,业务类,普通公开,每年,2015/10/27,CSV
 建筑工程开工放样复验      ,3002,377,城市建设,城乡规划,业务类,普通公开,每年,2015/1/30,XLS
 出版物发行单位基本信息      ,1102,195,文化休闲,新闻出版,业务类,普通公开,每年,2016/4/18,XLS
 建设项目用地预审（市批）      ,2994,377,城市建设,城乡规划,业务类,普通公开,每年,2015/1/30,XLS
 农产品地理标志,1831,300,经济建设,农业,业务类,普通公开,每年,2015/10/27,XLS
 信用服务机构备案信息      ,3327,1020,信用服务,信息产业综合类,业务类,普通公开,每年,2014/11/7,XLSX
 上海外商第三产业合同投资情况      ,3072,491,经济建设,对外贸易,业务类,普通公开,每月,2015/1/5,XLS
  欠缴税款纳税人名单      ,1796,410,经济建设,税务,业务类,普通公开,每季度,2015/11/2,XLS
 上海市货物贸易出口情况      ,3061,572,经济建设,对外贸易,业务类,普通公开,每月,2015/1/5,XLS
 粮食收购点信息      ,1783,307,经济建设,商贸综合类,业务类,普通公开,每年,2015/11/4,XLS
 内资企业设立登记公告数据      ,164,20,,经济管理,机构职能,普通公开,,2016/11/23,API
 市规划和国土资源管理局新闻类信息      ,843,130,城市建设,综合类,其他类,普通公开,每半年,2016/6/14,XML
  注册结构工程师信息      ,1780,265,教育科技,城乡建设,机构职能,普通公开,每月,2015/11/3,XLSX
 “i-Shanghai“免费网络      ,3290,698,民生服务,网络,业务类,普通公开,每年,2014/11/7,XLS
 上海市职业教育开放实训中心一览表      ,159,11,教育科技,教育,业务类,普通公开,每年,2016/11/24,XLS
 加油站      ,3288,589,民生服务,企业,业务类,普通公开,每年,2014/11/6,CSV
 上海市农作物种子经营许可信息      ,1792,243,经济建设,农业,业务类,普通公开,每年,2015/10/29,XLS
 部分重化行业企业名单      ,3275,907,经济建设,工业,业务类,普通公开,每年,2014/11/7,XLS
 中外合作职业技能培训机构信息      ,1616,221,社会发展,劳动人事综合类,业务类,普通公开,每半年,2015/12/10,XLSX
 上海市企事业专利工作试点示范单位名录      ,3132,904,教育科技,知识产权,机构职能,普通公开,每年,2014/12/11,XLS
 土地租赁用地审批      ,823,160,城市建设,土地,业务类,普通公开,每年,2016/6/17,XLS
 主要年份能源消耗基本情况      ,2926,616,资源环境,统计,业务类,普通公开,每年,2015/1/28,XLS
 清洁生产领域专项资金分配结果      ,1793,248,经济建设,工业,业务类,普通公开,每年,2015/10/27,CSV
 上海市各区县统计局联系方式      ,1091,209,机构团体,综合政务类,其他类,普通公开,每年,2016/4/13,XLS
 经市教委批准校外学习中心清单      ,1821,259,教育科技,教育,业务类,普通公开,每年,2015/10/20,XLS
 持有《上海公共安全防范工程设计施工单位核准证书》名单      ,2666,300,公共安全,公安,业务类,普通公开,每年,2015/3/30,XLS
 医师执业注册      ,157,19,卫生健康,医疗保健,机构职能,特定公开,每年,2016/11/24,XLS
 场馆开放信息      ,2677,556,文化休闲,体育,业务类,普通公开,每年,2015/3/24,XLS
 软件和集成电路产业发展领域专项资金分配结果      ,1777,0,经济建设,工业,业务类,普通公开,每年,2015/10/27,CSV
 上海市专业技术职务任职资格评审通过人员信息      ,1788,262,教育科技,农业,业务类,普通公开,每年,2015/10/23,XLS
 上牌点注册登记核准信息      ,532,57,,政法、监察,业务类,普通公开,,2016/8/24,API
 技术合同认定登记信息      ,1766,302,教育科技,科技管理,业务类,普通公开,每季度,2015/10/27,XLSX
 建设项目环境影响评价单位      ,2675,447,资源环境,环境保护、治理,业务类,普通公开,每年,2015/3/17,XLS
 市局外资企业注销公告数据      ,159,10,,经济管理,机构职能,普通公开,,2016/11/23,API
 房地产开发企业基本信息      ,6118,3477,城市建设,房地产,业务类,普通公开,每年,2012/11/21,XLS
 本市各类会展信息      ,1621,385,经济建设,商贸综合类,业务类,普通公开,每年,2015/11/30,XLS
 企业用自来水水价信息      ,1754,249,资源环境,水利,其他类,普通公开,每年,2015/10/28,XLSX
 建设项目预防性卫生审核      ,703,115,卫生健康,医疗保健,机构职能,特定公开,每季度,2016/7/12,XLS
 集体用餐配送单位信息      ,1755,245,卫生健康,医药卫生管理,业务类,特定公开,二周,2015/10/27,XLSX
 调蓄池服务接口      ,1389,115,,农业、水利,业务类,普通公开,,2016/1/25,API
 上海农家乐旅游点信息      ,1769,371,文化休闲,服务业,其他类,普通公开,每年,2015/10/23,XLS
 重点技改领域专项资金分配结果      ,1752,283,经济建设,工业,业务类,普通公开,每年,2015/10/27,CSV
 单独选址项目信息（市批）      ,801,165,城市建设,土地,业务类,普通公开,每年,2016/6/17,XLS
 花园单位信息      ,1731,202,城市建设,综合类,业务类,普通公开,每年,2015/10/30,XLS
 合同能源管理领域专项资金分配结果      ,1735,245,经济建设,工业,业务类,普通公开,每年,2015/10/27,CSV
 上海理工大学专任教师人数      ,152,8,教育科技,教育,业务类,普通公开,每年,2016/11/24,XLS
 节水型企业（单位）信息      ,1724,244,资源环境,水利,其他类,普通公开,每年,2015/10/28,XLSX
 再生资源回收网点备案信息      ,2902,1235,资源环境,国内贸易,业务类,普通公开,每季度,2015/1/5,XLS
 排水管道服务接口      ,1364,131,,农业、水利,业务类,普通公开,,2016/1/25,API
 上海市国家励志奖学金分配信息      ,1750,279,教育科技,教育,业务类,普通公开,每年,2015/10/20,XLSX
 堤防类基础数据      ,1323,151,,农业、水利,业务类,普通公开,,2016/2/4,API
 二手房出售出租信息查询      ,5981,1746,民生服务,房地产,业务类,普通公开,每月,2012/11/22,API
 市局外国（地区）常驻代表机构名称变更公告数据      ,155,13,,经济管理,机构职能,普通公开,,2016/11/23,API
 质监行政处罚信息       ,1757,325,信用服务,综合类,业务类,普通公开,每月,2015/10/16,XLSX
 关于市本级预算执行和其他财政收支的审计工作报告      ,1733,364,经济建设,审计,业务类,普通公开,每年,2015/10/22,PDF
 1978年以来人口密度和户籍人口期望寿命及户数、人口      ,2790,505,社会发展,统计,业务类,普通公开,每年,2015/1/28,XLS
 上海市中小企业公共服务示范平台名录      ,1704,298,经济建设,工业,业务类,普通公开,每年,2015/10/27,CSV
 上海市预防接种单位信息      ,698,105,卫生健康,医疗保健,机构职能,特定公开,每半年,2016/7/8,XML
 国家及上海市科技企业孵化器基本信息      ,1707,355,经济建设,科技管理,业务类,普通公开,每年,2015/10/26,XLSX
 社区矫正中心      ,1691,296,公共安全,政法综合类,其他类,普通公开,每月,2015/10/30,XLS
 桥梁点      ,185,15,道路交通,交通运输,业务类,普通公开,每年,2016/11/15,XLSX
 信息化发展领域专项资金分配结果      ,1699,30,经济建设,信息产业综合类,业务类,普通公开,每年,2015/10/27,CSV
 教育收费信息      ,1719,337,教育科技,教育,业务类,普通公开,每年,2015/10/20,XLS
 产学研合作示范基地      ,1691,316,经济建设,工业,业务类,普通公开,每年,2015/10/27,CSV
 区县计划用水办公室信息      ,1687,210,资源环境,水利,其他类,普通公开,每年,2015/10/28,XLSX
 上海市2015年度行政事业性收费项目目录      ,1745,408,经济建设,财政,业务类,普通公开,每年,2015/10/13,XLS
 企业自主创新领域专项资金分配结果      ,1685,262,经济建设,工业,业务类,普通公开,每年,2015/10/27,CSV
 保障房工程项目信息      ,5847,3159,城市建设,房地产,业务类,普通公开,每季度,2012/11/22,XLS
 托幼机构儿童、工作人员体检情况      ,688,126,卫生健康,医疗保健,机构职能,特定公开,每年,2016/7/8,XLSX
 下立交积水自动监测站点信息      ,1671,226,资源环境,综合类,业务类,普通公开,每年,2015/10/29,XLSX
 上海市消费指数信息      ,2824,517,经济建设,商贸综合类,业务类,普通公开,每月,2015/1/5,XLS
 示范性家政服务站名单      ,1533,187,民生服务,综合类,其他类,普通公开,每年,2015/12/3,XLS
 上海市第三次经济普查主要数据公报（第三号）      ,2066,489,经济建设,统计,机构职能,普通公开,每五年,2015/7/17,DOC
  建筑从业人员行政处罚信息      ,1643,268,信用服务,城乡建设,机构职能,普通公开,每年,2015/11/3,XLS
 医患纠纷人民调解委员会      ,1656,292,卫生健康,政法综合类,其他类,普通公开,每月,2015/10/30,XLS
 危险废物经营许可证名单      ,2515,357,资源环境,环境保护、治理,业务类,普通公开,按需要,2015/3/17,XLS
 各类公办学校主要教育收费      ,1698,293,教育科技,物价,机构职能,普通公开,每年,2015/10/16,XLS
 上海市国家大学科技园      ,1655,302,教育科技,科教综合类,业务类,普通公开,每年,2015/10/27,XLS
 单用途商业预付卡备案企业信息      ,1650,340,经济建设,国内贸易,业务类,普通公开,每年,2015/10/28,XLS
 粮油加工企业信息      ,1627,257,经济建设,商贸综合类,业务类,普通公开,每年,2015/11/2,XLS
 电子信息制造领域行业协会      ,2996,1171,机构团体,信息产业综合类,业务类,普通公开,每年,2014/11/7,XLS
 上海市公益性健身场所      ,2728,732,文化休闲,体育,业务类,普通公开,每年,2015/1/16,XLS
 分批次农转用征地项目信息（市批）      ,678,122,资源环境,土地,业务类,普通公开,每年,2016/7/7,XLS
 生活垃圾无害化处理场信息      ,1711,229,城市建设,城乡建设,业务类,普通公开,每半年,2015/10/9,XLSX
 上海市2015年度涉企行政事业性收费项目目录      ,1692,391,经济建设,财政,业务类,普通公开,每年,2015/10/13,CSV
 上海理工大学发表论文数      ,144,9,教育科技,教育,业务类,普通公开,每年,2016/11/24,XLS
 医疗机构设置审批（内资医疗机构）      ,174,11,卫生健康,医疗保健,机构职能,特定公开,每年,2016/11/16,XLS
 帮困粮油供应点信息      ,1603,210,民生服务,商贸综合类,业务类,普通公开,每年,2015/11/4,XLS
 组织机构代码查询接口      ,147,5,,综合政务,机构职能,"依申请公开
          
          
          
   
    
             
         
          
			   申请 ",,2016/11/23,API
 资质认定（计量认证）获证机构信息      ,1669,299,经济建设,综合类,业务类,普通公开,每年,2015/10/16,XLSX
 企业注册登记统计      ,2764,545,经济建设,工商,业务类,普通公开,每月,2014/12/29,API
 上海金融学院学校基本信息      ,143,11,教育科技,教育,业务类,普通公开,每年,2016/11/24,XLSX
 市级新型工业化产业示范基地      ,1624,265,经济建设,工业,业务类,普通公开,每年,2015/10/27,CSV
 节能服务机构      ,2949,1169,资源环境,工业,业务类,普通公开,每年,2014/11/7,XLS
 粮油仓储设施信息      ,1595,250,经济建设,商贸综合类,业务类,普通公开,每年,2015/11/2,XLS
 市经济信息化委行政审批事项      ,1615,242,经济建设,经济管理,业务类,普通公开,每年,2015/10/27,CSV
 信息服务业产业基地      ,2936,746,经济建设,信息产业综合类,业务类,普通公开,每年,2014/11/7,CSV
 上海标准化菜市场基本情况      ,5550,1055,民生服务,商贸综合类,业务类,普通公开,每年,2012/12/7,XLS
 粮食批发市场信息      ,1591,252,经济建设,商贸综合类,业务类,普通公开,每年,2015/11/2,XLS
 许可执业人员获证信息      ,2681,412,经济建设,检验、检疫,业务类,特定公开,每季度,2015/1/14,RAR
 近三年全社会房地产开发总额（月度累计）      ,2626,485,经济建设,统计,业务类,普通公开,每季度,2015/1/28,XLS
 司法鉴定人      ,1596,189,社会发展,司法,业务类,普通公开,每月,2015/10/30,XLS
 上海市2015年市本级政府性基金支出预算数据      ,1656,396,经济建设,财政,业务类,普通公开,每年,2015/10/13,CSV
 食品餐饮企业监督公示信息      ,2629,528,信用服务,医药卫生管理,业务类,特定公开,二周,2015/1/23,XLSX
 医疗器械生产企业信息      ,2628,994,卫生健康,医药卫生管理,业务类,特定公开,二周,2015/1/23,XLSX
 社会诚信体系建设专项资金分配结果      ,1601,234,经济建设,综合类,业务类,普通公开,每年,2015/10/27,CSV
 人才中介服务机构信息      ,1448,217,社会发展,劳动人事综合类,业务类,普通公开,每年,2015/12/7,XLS
 车辆环保标志作废声明与补办申请信息      ,111,4,,城乡建设、环境保护,业务类,普通公开,,2016/12/2,API
 计划生育药具免费发放点      ,2450,383,卫生健康,计划生育,机构职能,普通公开,每年,2015/3/10,XLS
 国家级新型工业化产业示范基地      ,1590,286,经济建设,工业,业务类,普通公开,每年,2015/10/27,CSV
 上海市电影院情况一览表      ,2691,978,文化休闲,广播、电影、电视,业务类,普通公开,每年,2014/12/31,XLSX
 知识产权优势企业      ,1588,295,经济建设,企业,业务类,普通公开,每年,2015/10/27,CSV
  注册建造师执业资格信息      ,1562,259,教育科技,城乡建设,机构职能,普通公开,每月,2015/11/3,XLS
 国家级产业化基地      ,1589,319,经济建设,科技管理,业务类,普通公开,每年,2015/10/26,XLSX
 工业类投资项目备案变更数据      ,959,47,,工业、交通,机构职能,"依申请公开
          
          
          
   
    
             
         
          
			   申请 ",,2016/4/14,API
 道路积水自动监测站点信息      ,1564,295,资源环境,综合类,业务类,普通公开,每年,2015/10/29,XLSX
 上海市社区智慧微菜场名单信息      ,1443,236,民生服务,国内贸易,业务类,普通公开,每年,2015/11/30,XLS
 获GSP认证证书企业信息      ,1566,219,卫生健康,医药卫生管理,业务类,特定公开,二周,2015/10/27,XLSX
 采矿许可证审批      ,2543,484,资源环境,矿藏,业务类,普通公开,每年,2015/1/30,XLS
 上海市审计工作成果      ,1630,339,经济建设,审计,业务类,普通公开,每年,2015/10/9,PDF
 化妆品生产企业信息      ,2565,770,卫生健康,医药卫生管理,业务类,特定公开,二周,2015/1/23,XLSX
 重要工业产品生产许可证核发信息      ,1600,309,经济建设,综合类,业务类,普通公开,每年,2015/10/16,XLSX
 乙类大型医用设备配置的审批      ,166,9,卫生健康,医疗保健,机构职能,特定公开,每年,2016/11/16,XLS
 上海大学校园网络建设基本信息      ,137,5,教育科技,教育,业务类,普通公开,每年,2016/11/24,XLS
 排水防汛应急类信息（防汛队伍）      ,1550,232,资源环境,水利,其他类,普通公开,每年,2015/10/29,XLSX
 水域保洁企业信息      ,1544,178,城市建设,城乡建设、环境保护,业务类,普通公开,每年,2015/10/30,XLS
  建筑从业单位行政处罚信息      ,1529,271,信用服务,城乡建设,机构职能,普通公开,每年,2015/11/3,XLS
 上海市区县教育局清单      ,1576,317,教育科技,教育,业务类,普通公开,每年,2015/10/20,XLSX
 新型建设工程材料信息      ,1540,189,城市建设,城乡建设,业务类,普通公开,每半年,2015/10/30,XLS
 节水型小区信息      ,1547,234,资源环境,水利,其他类,普通公开,每年,2015/10/28,XLSX
 历次人口普查数据      ,2523,503,社会发展,统计,业务类,普通公开,每年,2015/1/28,XLS
 集装箱运输企业      ,1568,329,道路交通,交通运输,业务类,普通公开,每半年,2015/10/21,XLSX
 上海市专利代理机构名录      ,2687,468,教育科技,知识产权,机构职能,普通公开,每年,2014/12/11,XLS
 经营异常企业信息      ,1471,285,经济建设,工商,业务类,普通公开,每月,2015/11/16,XLS
 市属计划用水办事站点信息      ,1537,209,资源环境,水利,其他类,普通公开,每年,2015/10/28,XLSX
 外国医师来华短期行医执业许可（包括台湾）      ,164,9,卫生健康,医疗保健,机构职能,特定公开,每年,2016/11/16,XLS
 医疗机构设置审批（中外合资、合作医疗机构）      ,164,10,卫生健康,医疗保健,机构职能,特定公开,每年,2016/11/16,XLS
 消防技术服务机构资质信息      ,1533,206,公共安全,公安,业务类,普通公开,每年,2015/10/29,XLSX
 大型科学仪器设施      ,2527,854,教育科技,科技管理,政策法规,普通公开,每年,2015/1/21,XLSX
 人防工程防护设备定点企业信息      ,1435,202,公共安全,综合政务类,业务类,普通公开,每季度,2015/11/24,XLS
 上海市外商合同投资情况      ,2579,505,经济建设,对外贸易,业务类,普通公开,每月,2015/1/5,XLS
 危化品经营许可证      ,2354,603,公共安全,综合政务类,机构职能,普通公开,每年,2015/3/9,XLS
 税务师事务所      ,1510,409,经济建设,税务,机构职能,普通公开,每季度,2015/11/2,XLS
 医师资格证书核发信息      ,134,10,卫生健康,医疗保健,机构职能,特定公开,每年,2016/11/24,XLS
 上海市A级旅游景区最大承载量      ,1581,284,文化休闲,旅游,其他类,普通公开,每年,2015/10/10,XLS
 驾培学员信息      ,257,27,道路交通,交通运输,业务类,普通公开,每半年,2016/10/20,XLSX
 知识产权优势企业领域专项资金分配结果      ,1515,251,经济建设,企业,业务类,普通公开,每年,2015/10/27,CSV
 上海市2014年市本级一般公共预算支出决算数据      ,1567,328,经济建设,财政,业务类,普通公开,每年,2015/10/12,CSV
 上海市学前教育机构名单      ,2761,934,教育科技,教育,业务类,普通公开,每年,2014/11/5,XLS
 上海大学教师人员信息      ,133,26,教育科技,教育,业务类,普通公开,每年,2016/11/24,XLSX
 上海各主要国家贸易经济数据      ,5200,3088,经济建设,商贸综合类,业务类,普通公开,每年,2012/12/7,XLS
 福利企业信息公示      ,1555,276,经济建设,民政,业务类,普通公开,每半年,2015/10/14,XLS
 会计人员继续教育培训网校      ,136,10,,财政,业务类,普通公开,,2016/11/23,API
 上海市税务局零散税收委托征管代征人清册      ,1484,412,经济建设,税务,机构职能,普通公开,每季度,2015/11/2,XLSX
 市环保局行政审批事项办理状态信息      ,1376,198,,城乡建设、环境保护,业务类,普通公开,,2015/12/3,API
 公交人员基本信息      ,254,24,道路交通,交通运输,业务类,普通公开,每半年,2016/10/20,XLSX
 妇联基层组织信息表      ,1374,194,机构团体,综合类,其他类,普通公开,每年,2015/12/3,XLS
 焚烧厂信息      ,1565,232,城市建设,城乡建设,业务类,普通公开,每半年,2015/10/9,XLSX
 驾驶员信息      ,452,55,,政法、监察,业务类,普通公开,,2016/8/24,API
 上海市第三次经济普查主要数据公报（第二号）      ,1856,411,经济建设,统计,机构职能,普通公开,每五年,2015/7/17,DOC
 节能技改领域专项资金分配结果      ,1501,229,经济建设,工业,业务类,普通公开,每年,2015/10/27,CSV
 危险化学品目录      ,2306,421,公共安全,综合政务类,机构职能,普通公开,每年,2015/3/9,XLSX
 侨务引智引资创业服务点信息      ,1180,246,经济建设,综合类,业务类,普通公开,每年,2016/1/27,XLSX
 乙级安全评价机构       ,2317,512,公共安全,综合类,机构职能,普通公开,每年,2015/3/5,XLSX
 食品相关产品生产许可获证企业信息      ,1536,264,卫生健康,综合类,业务类,普通公开,每年,2015/10/16,XLS
 上海用于联合惩戒的重大税收违法案件信息汇总      ,1474,391,经济建设,税务,业务类,普通公开,每季度,2015/11/2,XLS
 排水系统信息服务接口      ,1180,110,,农业、水利,业务类,普通公开,,2016/1/25,API
 海洋经济统计数据      ,2509,639,资源环境,统计,业务类,普通公开,每年,2015/1/4,XLS
 应急零售网点信息      ,1454,205,民生服务,商贸综合类,业务类,普通公开,每年,2015/11/5,XLS
 自主品牌建设领域专项资金分配      ,1479,243,经济建设,工业,业务类,普通公开,每年,2015/10/27,CSV
 注册房地产估价师      ,1405,215,城市建设,房地产,业务类,普通公开,每年,2015/11/17,XLS
 《建设项目选址意见书》审批      ,2399,290,城市建设,城乡规划,业务类,普通公开,每年,2015/1/30,XLS
 印章承刻企业信息      ,1503,222,公共安全,公安,业务类,普通公开,每年,2015/10/19,XLS
 无公害、绿色、有机农产品认证      ,2659,700,民生服务,农业,业务类,普通公开,每年,2014/11/14,XLSX
 食盐定点生产企业      ,1474,225,经济建设,综合类,业务类,普通公开,每年,2015/10/27,CSV
 海事处（所）      ,160,15,道路交通,交通运输,业务类,普通公开,每年,2016/11/15,XLSX
 上海市城镇居民最低生活保障情况汇总表      ,1485,236,民生服务,民政,业务类,普通公开,每季度,2015/10/22,XLS
 上海市批准的农作物种子检验员信息      ,1453,175,教育科技,农业,业务类,普通公开,每年,2015/10/29,XLS
 驾培人员基本信息      ,246,31,道路交通,交通运输,业务类,普通公开,每半年,2016/10/20,XLSX
 上海理工大学学院设置      ,128,5,教育科技,教育,业务类,普通公开,每年,2016/11/24,XLS
 计量校准实验室信息       ,1491,245,经济建设,综合类,业务类,普通公开,每年,2015/10/16,XLSX
 副补发放点信息      ,1427,189,民生服务,民政综合类,业务类,普通公开,每年,2015/11/4,XLS
 著作权合同备案      ,1262,161,文化休闲,新闻出版,业务类,普通公开,每年,2015/12/23,XLS
 社会机动车安检机构      ,1158,24,,工业、交通,其他类,"依申请公开
          
          
          
   
    
             
         
          
			   申请 ",,2016/1/22,API
 排水防汛应急类信息（物资）      ,1442,206,资源环境,综合类,业务类,普通公开,每年,2015/10/29,XLSX
 珍惜动植物学信息      ,1508,258,教育科技,科教综合类,业务类,普通公开,每年,2015/10/9,XLSX
 职业病诊断医师资格审批      ,593,111,卫生健康,医疗保健,机构职能,特定公开,每季度,2016/7/8,XLS
 第六次人口普查人口性别年龄构成      ,2358,430,社会发展,统计,业务类,普通公开,每十年,2015/1/28,XLSX
 上海市审计局重点审计项目计划      ,1507,337,经济建设,审计,规划计划,普通公开,每年,2015/10/9,PDF
  报废机动车信息      ,1423,285,道路交通,国内贸易,业务类,普通公开,每年,2015/11/3,XLS
 国家统计局上海调查总队各区县调查队联系方式      ,877,169,机构团体,综合政务类,其他类,普通公开,每年,2016/4/13,XLS
 专利工程师人数      ,2504,394,教育科技,知识产权,机构职能,普通公开,每年,2014/12/11,XLS
 近三年货物运输总量（月度）      ,2343,466,经济建设,统计,业务类,普通公开,每季度,2015/1/28,XLS
 技术合同认定登记处基本信息      ,1436,211,教育科技,科技管理,业务类,普通公开,每年,2015/10/27,XLSX
 全市营运交通线路统计      ,4967,1620,道路交通,交通运输,业务类,普通公开,每半年,2012/11/28,ZIP
 本市当年度有效的见习基地信息      ,1299,175,社会发展,劳动人事综合类,业务类,普通公开,每年,2015/12/7,XLSX
 外环线以内区域机动车道路停车场      ,2551,843,道路交通,公安,业务类,普通公开,每季度,2014/11/24,XLS
 上海工业云创新服务试点企业      ,1433,353,经济建设,信息产业综合类,业务类,普通公开,每年,2015/10/27,CSV
 旅游咨询中心      ,2384,698,文化休闲,旅游,其他类,普通公开,每年,2015/1/13,XLS
 客运、轮渡码头及周边相关道路交通违法受理窗口信息      ,1458,259,道路交通,公安,业务类,普通公开,每年,2015/10/19,XLS
 食品餐饮企业查询信息      ,2349,703,卫生健康,医药卫生管理,业务类,特定公开,二周,2015/1/23,XLSX
 护士执业注册      ,152,7,卫生健康,医疗保健,机构职能,特定公开,每年,2016/11/16,XLS
 省际客运企业      ,1444,307,道路交通,交通运输,业务类,普通公开,每半年,2015/10/22,XLSX
 上海市技术进出口交易会亮点企业情况      ,2400,457,经济建设,综合类,其他类,普通公开,每年,2015/1/5,XLS
 市、区两级消防安全重点单位名单、分级等信息      ,2145,552,公共安全,公安,业务类,普通公开,每年,2015/3/23,XLSX
 流通领域商品监测信息      ,1358,231,信用服务,工商,业务类,普通公开,每季度,2015/11/16,XLS
 上海市国家级生态镇信息      ,1740,299,资源环境,城乡建设、环境保护,业务类,普通公开,每年,2015/7/23,XLS
 残疾人辅助器具服务点信息      ,1528,186,民生服务,综合类,其他类,普通公开,每年,2015/9/25,XLS
 上海市绿化和市容管理局行政审批办理状态信息      ,1110,138,,城乡建设、环境保护,业务类,普通公开,,2016/1/29,API
 市局外资企业设立公告数据      ,128,10,,经济管理,机构职能,普通公开,,2016/11/23,API
 矿产资源勘查许可证审批与地质调查项目登记      ,2299,304,资源环境,矿藏,业务类,普通公开,每年,2015/1/30,XLS
 上海市星级饭店名单      ,2342,759,文化休闲,旅游,业务类,普通公开,每年,2015/1/16,XLSX
 本市汽、柴油最高零售价格      ,1341,150,,经济管理,机构职能,普通公开,,2015/11/18,API
 渣土运输公司信息      ,277,27,,城乡建设、环境保护,业务类,普通公开,,2016/10/8,API
 驾驶员培训企业      ,1422,290,道路交通,交通运输,业务类,普通公开,每半年,2015/10/21,XLSX
 危险品运输企业      ,1420,315,道路交通,交通运输,业务类,普通公开,每半年,2015/10/21,XLS
 危险废物专业运输名录      ,2126,380,资源环境,环境保护、治理,业务类,普通公开,按需要,2015/3/17,XLS
 2015年度法制办财务表      ,1422,443,社会发展,综合类,其他类,普通公开,每年,2015/10/20,DOC
 上海市学校体育设施对外开放情况      ,2317,474,文化休闲,体育,业务类,普通公开,每年,2015/1/16,XLS
 内河视频点      ,152,8,道路交通,交通运输,业务类,普通公开,每年,2016/11/15,XLSX
 排水防汛应急类信息（设备）      ,1390,213,资源环境,综合类,业务类,普通公开,每年,2015/10/29,XLSX
 市定价目录      ,1432,228,民生服务,综合政务,政策法规,普通公开,每年,2015/10/16,XLSX
 近三年商品销售总额（月度）      ,2274,416,经济建设,统计,业务类,普通公开,每季度,2015/1/28,XLS
 计算机信息系统集成资质企业      ,2530,769,经济建设,信息产业综合类,业务类,普通公开,每季度,2014/11/7,CSV
 体育传统项目学校基本信息      ,1975,329,教育科技,体育,业务类,普通公开,每年,2015/4/28,XLS
 上海市2014年市本级政府性基金支出决算数据      ,1434,332,经济建设,财政,业务类,普通公开,每年,2015/10/13,XLS
 法定计量检定机构信息       ,1423,244,经济建设,综合类,业务类,普通公开,每年,2015/10/16,XLSX
 上海市文化产业园区情况一览表      ,2351,573,文化休闲,文体综合类,机构职能,普通公开,每年,2014/12/31,XLS
 医疗器械召回信息      ,1384,230,卫生健康,医药卫生管理,业务类,特定公开,二周,2015/10/28,XLSX
 全社会各行业从业人员      ,2258,501,社会发展,统计,业务类,普通公开,每年,2015/1/28,XLS
 全国社会工作者职业水平评价考试情况（上海）      ,1398,202,社会发展,民政,业务类,普通公开,每年,2015/10/23,XLS
 近三年全社会固定资产投资总额（月度累计）      ,2256,403,经济建设,综合类,业务类,普通公开,每季度,2015/1/28,XLS
 执业经纪人信息      ,1319,232,经济建设,工商,业务类,普通公开,每年,2015/11/16,XLS
 创意产业集聚区      ,2509,603,经济建设,工业,业务类,普通公开,每年,2014/11/7,CSV
 上海市碘缺乏病防治工作调查信息年度总结报告      ,565,78,卫生健康,医疗保健,机构职能,特定公开,每年,2016/7/8,DOCX
 三级医疗机构      ,2445,629,卫生健康,医药卫生管理,机构职能,普通公开,每年,2014/11/27,XLS
 机动车报废信息      ,1201,105,,政法、监察,业务类,普通公开,,2015/12/21,API
 检验检测机构信息      ,2281,727,机构团体,检验、检疫,业务类,特定公开,每年,2015/1/14,XLSX
 《建设用地规划许可证》审批      ,2229,316,城市建设,城乡规划,业务类,普通公开,每年,2015/1/30,XLS
 固定形式印刷品广告登记证      ,1307,20,经济建设,工商,业务类,普通公开,每年,2015/11/16,XLS
 律师信息      ,1349,262,社会发展,司法,业务类,普通公开,每月,2015/11/2,XLSX
 汽修人员基本信息      ,231,18,道路交通,交通运输,业务类,普通公开,每半年,2016/10/20,XLSX
 电子政务领域国产信息安全产品使用排名      ,2486,393,公共安全,信息产业综合类,业务类,普通公开,每年,2014/11/7,XLS
 关于审计整改情况的报告      ,1382,184,经济建设,审计,业务类,普通公开,每年,2015/10/22,PDF
 信息安全服务机构推荐名单      ,2485,430,机构团体,信息产业综合类,业务类,普通公开,每年,2014/11/7,XLS
 市局外资企业撤销公告数据      ,123,8,,经济管理,机构职能,普通公开,,2016/11/23,API
 血站执业登记      ,557,106,卫生健康,医疗保健,机构职能,普通公开,每季度,2016/7/8,XLS
 本市道路主要管理措施      ,2414,683,道路交通,公安,业务类,普通公开,每季度,2014/11/24,XLS
 浦东新区分局外资企业撤销公告数据      ,122,10,,经济管理,机构职能,普通公开,,2016/11/23,API
 上海主要国际展览会信息      ,2274,409,经济建设,综合类,其他类,普通公开,每半年,2015/1/5,XLSX
 涉外调查许可证信息      ,1669,303,经济建设,统计,机构职能,普通公开,每年,2015/7/17,XLSX
 上海市出境游旅行社信息      ,1403,243,文化休闲,旅游,其他类,普通公开,每年,2015/10/10,XLS
 本市中心城区犬类管理信息      ,1353,213,民生服务,畜牧业,业务类,普通公开,每年,2015/10/26,XLS
 重大工程项目信息      ,1426,309,城市建设,城乡建设、环境保护,业务类,普通公开,每年,2015/9/30,XLSX
 车管所      ,2385,682,道路交通,公安,业务类,普通公开,每季度,2014/11/24,XLS
 母婴保健技术服务执业许可信息      ,1234,188,卫生健康,医药卫生管理,机构职能,普通公开,每季度,2015/11/30,XLS
 残疾人康复服务指导站信息      ,1428,165,民生服务,综合类,其他类,普通公开,每年,2015/9/28,XLSX
 药品经营企业信息      ,2196,590,卫生健康,医药卫生管理,业务类,特定公开,二周,2015/1/23,XLSX
 货运出租企业信息      ,1355,325,道路交通,交通运输,业务类,普通公开,每半年,2015/10/21,XLSX
 一书两证的延期（市政类）      ,2170,418,城市建设,城乡规划,业务类,普通公开,每年,2015/1/30,XLS
 上海市各类演出场所情况一览表      ,2261,636,文化休闲,文学艺术,业务类,普通公开,每年,2014/12/31,XLS
 统计年鉴查询      ,4425,1189,社会发展,统计,业务类,普通公开,每年,2013/1/28,API
 航道      ,145,11,道路交通,交通运输,业务类,普通公开,每年,2016/11/15,XLSX
 上海市养老机构      ,2259,494,民生服务,民政,业务类,普通公开,每半年,2014/12/29,XLSX
 市公安局行政审批事项办理状态信息      ,1160,96,,政法、监察,业务类,普通公开,,2015/12/21,API
 热线执法举报信息      ,1261,142,,政法、监察,业务类,普通公开,,2015/11/18,API
 社保卡受理网点      ,3935,1929,机构团体,公安,业务类,普通公开,每年,2013/6/28,XLSX
 未年检车辆信息      ,1155,93,,政法、监察,业务类,普通公开,,2015/12/21,API
 人口计生综合服务站      ,2177,716,卫生健康,计划生育,机构职能,普通公开,每年,2015/1/21,XLSX
 职业卫生技术服务机构      ,2033,459,公共安全,综合政务类,机构职能,普通公开,每年,2015/3/9,XLSX
 城市桥梁信息      ,199,28,道路交通,市政工程,业务类,普通公开,每年,2016/10/28,XLS
 近三年上海市进口总额（月度）      ,2155,384,经济建设,统计,业务类,普通公开,每季度,2015/1/28,XLS
 近三年上海市出口总额（月度）      ,2155,392,经济建设,统计,业务类,普通公开,每季度,2015/1/28,XLS
 专业技术平台      ,2175,729,教育科技,科技管理,机构职能,普通公开,每年,2015/1/21,XLSX
 搬场运输企业      ,1338,314,道路交通,交通运输,业务类,普通公开,每半年,2015/10/21,XLSX
 普通货运企业      ,1338,304,道路交通,交通运输,业务类,普通公开,每半年,2015/10/21,XLSX
 建设工程设计方案审批      ,2137,287,城市建设,城乡规划,业务类,普通公开,每年,2015/1/30,XLS
 旅游集散中心      ,2185,620,文化休闲,旅游,其他类,普通公开,每年,2015/1/13,XLSX
 检测检验机构      ,2014,370,公共安全,综合政务类,机构职能,普通公开,每年,2015/3/9,XLSX
 园林绿化企业资质信息      ,1301,204,城市建设,综合类,业务类,普通公开,每月,2015/10/30,XLSX
 市级政府部门统计调查项目信息      ,1618,336,经济建设,统计,机构职能,普通公开,每年,2015/7/17,XLSX
 教育部予以资格认定的自费出国留学中介机构清单（上海）      ,1329,265,教育科技,教育,业务类,普通公开,每年,2015/10/20,XLSX
 供电服务机构      ,2378,586,机构团体,工业,业务类,普通公开,每年,2014/11/7,XLS
 集中式供水单位卫生许可信息      ,1201,182,卫生健康,医药卫生管理,机构职能,普通公开,每季度,2015/11/30,XLS
 二级医疗机构      ,2307,565,卫生健康,医药卫生管理,机构职能,普通公开,每年,2014/11/27,XLS
 核定规划条件      ,2103,271,城市建设,城乡规划,业务类,普通公开,每年,2015/1/30,XLS
  二手车鉴定评估机构      ,1273,243,道路交通,国内贸易,业务类,普通公开,每年,2015/11/3,XLS
 经营异常企业信息      ,1182,41,,经济管理,业务类,"依申请公开
          
          
          
   
    
             
         
          
			   申请 ",,2015/12/3,API
 医疗器械经营企业信息      ,2119,479,卫生健康,医药卫生管理,业务类,特定公开,二周,2015/1/23,XLSX
 看守所信息      ,4481,1629,公共安全,公安,业务类,普通公开,每年,2012/11/20,XLS
 水闸泵站运行信息6      ,2092,283,资源环境,水利,机构职能,特定公开,每年,2015/1/30,RAR
 市属殡仪馆主要收费项目和标准      ,1320,182,民生服务,民政综合类,政策法规,普通公开,每年,2015/10/16,XLS
 区县统计局制订的专项（一次性）调查项目信息       ,1591,303,经济建设,统计,机构职能,普通公开,每年,2015/7/17,XLSX
 募捐组织信息（公募基金会）      ,1328,234,机构团体,民政,业务类,普通公开,每半年,2015/10/13,XLSX
 《建设工程规划许可证》审批      ,2090,289,城市建设,城乡规划,业务类,普通公开,每年,2015/1/30,XLS
 市、区县卫生计生委      ,1968,306,机构团体,医药卫生管理,机构职能,普通公开,每年,2015/3/10,XLSX
 百姓健身步道信息      ,1804,304,文化休闲,体育,业务类,普通公开,每年,2015/4/29,XLS
 粮食管理机构信息      ,1241,177,机构团体,商贸综合类,业务类,普通公开,每年,2015/11/6,XLS
 城市普通地下室信息      ,1322,229,城市建设,城乡建设,业务类,特定公开,每年,2015/10/9,XLSX
 社会公正计量行（站）信息      ,1300,188,机构团体,综合类,业务类,普通公开,每年,2015/10/16,XLSX
 宗教院校      ,1696,353,教育科技,综合类,业务类,普通公开,每年,2015/6/2,XLS
 上海市活鸡批发行情      ,2128,781,民生服务,国内贸易,业务类,普通公开,每周,2015/1/5,XLSX
 生产性废旧金属回收企业信息      ,1287,244,资源环境,公安,业务类,普通公开,每年,2015/10/19,XLS
 社区公共运动场设施信息      ,1772,356,文化休闲,体育,业务类,普通公开,每年,2015/5/6,XLS
 营业性射击场信息      ,1286,259,文化休闲,公安,业务类,普通公开,每年,2015/10/19,XLS
 产品质量监督抽查信息      ,2097,434,信用服务,检验、检疫,业务类,特定公开,每季度,2015/1/14,XLSX
 居住证受理网点      ,3745,1321,机构团体,公安,业务类,普通公开,每年,2013/6/28,XLSX
 农民体育健身工程      ,1725,295,文化休闲,体育,业务类,普通公开,每年,2015/5/20,XLS
 残疾人就业服务机构信息,1351,180,机构团体,综合类,其他类,普通公开,每年,2015/9/25,XLS
 港澳医务人员执业许可信息      ,1156,178,卫生健康,医药卫生管理,机构职能,特定公开,每季度,2015/11/30,XLS
 上海农村土地承包经营权流转管理服务中心      ,2261,482,机构团体,农业,业务类,普通公开,每年,2014/11/14,XLSX
 上海大学图书文献管理信息      ,110,11,教育科技,教育,业务类,普通公开,每年,2016/11/24,XLSX
 上海大学校园一卡通系统      ,110,7,教育科技,教育,业务类,普通公开,每年,2016/11/24,XLSX
 体育机构      ,2056,340,文化休闲,体育,业务类,普通公开,每年,2015/1/21,XLS
 残联机构信息      ,1341,183,机构团体,综合类,其他类,普通公开,每年,2015/9/25,XLS
 母婴保健机构服务人员资格许可信息      ,1149,181,卫生健康,医药卫生管理,机构职能,普通公开,每季度,2015/11/30,XLS
 上海市区县审计局信息      ,1260,171,机构团体,审计,其他类,普通公开,每年,2015/10/22,XLS
 上海市校外教育机构名单      ,2256,504,教育科技,教育,业务类,普通公开,每年,2014/11/10,XLS
 宗教教职人员      ,1686,354,教育科技,综合类,业务类,普通公开,每年,2015/5/26,XLS
 货运学员信息      ,210,17,道路交通,交通运输,业务类,普通公开,每半年,2016/10/20,XLSX
 百姓游泳池信息      ,1740,300,文化休闲,体育,业务类,普通公开,每年,2015/5/4,XLS
 上海市社区卫生服务中心基本信息      ,2184,598,卫生健康,医药卫生管理,机构职能,普通公开,每年,2014/11/27,XLS
 成品油批发和仓储企业      ,2237,452,经济建设,工业,业务类,普通公开,每年,2014/11/7,CSV
 市政府侨办行政权力清单      ,967,137,民生服务,综合类,机构职能,普通公开,每年,2016/1/27,XLSX
 上海市A级景区名单      ,2035,466,文化休闲,旅游,业务类,普通公开,每年,2015/1/16,XLS
 基层法律工作者      ,1202,198,社会发展,司法,其他类,普通公开,每月,2015/11/4,XLS
 食品生产企业信息      ,2002,423,卫生健康,医药卫生管理,业务类,特定公开,二周,2015/1/23,XLSX
 科学技术奖信息      ,1296,301,教育科技,科研工作,业务类,特定公开,每年,2015/9/30,XLS
 社区百姓健身房信息      ,1729,308,文化休闲,体育,业务类,普通公开,每年,2015/4/29,XLS
 保安服务业信息      ,1240,230,公共安全,公安,业务类,普通公开,每年,2015/10/19,XLS
 近三年工业生产者出厂价格指数（月度）      ,1984,348,经济建设,统计,业务类,普通公开,每季度,2015/1/28,XLS
 驾驶证主信息      ,366,53,,政法、监察,业务类,普通公开,,2016/8/24,API
 法人网上身份统一认证网点      ,2211,419,机构团体,信息产业综合类,业务类,普通公开,每年,2014/11/7,XLS
 各项体育运动记录信息      ,1669,251,文化休闲,体育,业务类,普通公开,每年,2015/5/18,XLS
 出租学员信息      ,205,15,道路交通,交通运输,业务类,普通公开,每半年,2016/10/20,XLSX
 区级体质监测指导中心信息      ,1724,243,卫生健康,体育,业务类,普通公开,每年,2015/4/28,XLS
 《建设工程规划设计方案》（市政类）审批      ,1971,221,城市建设,城乡规划,业务类,普通公开,每年,2015/1/30,XLS
 建筑工程竣工规划验收      ,1971,338,城市建设,城乡规划,业务类,普通公开,每年,2015/1/30,XLS
 倒粪站信息      ,1262,198,城市建设,城乡建设,业务类,普通公开,每半年,2015/10/9,XLS
 上海赴台旅行社信息      ,1258,204,文化休闲,旅游,其他类,普通公开,每年,2015/10/10,XLS
 残疾车修理点信息      ,1308,167,民生服务,综合类,其他类,普通公开,每年,2015/9/22,XLS
 公园绿地      ,2011,459,民生服务,综合类,业务类,特定公开,每半年,2015/1/13,XLSX
 上海旅游名牌产品名录      ,1998,615,文化休闲,旅游,其他类,普通公开,每年,2015/1/16,XLSX
 第六次人口普查10%人口普查数据就业人口行业分布      ,1964,372,社会发展,统计,业务类,普通公开,每十年,2015/1/28,XLSX
 上海市农村居民最低生活保障情况汇总表      ,1219,189,民生服务,民政,业务类,普通公开,每季度,2015/10/22,XLS
 航段      ,131,9,道路交通,交通运输,业务类,普通公开,每年,2016/11/15,XLSX
 放射诊疗许可信息      ,1109,157,卫生健康,医药卫生管理,机构职能,普通公开,每季度,2015/11/30,XLS
 近三年工业生产者购进价格指数（月度）      ,1958,352,经济建设,统计,业务类,普通公开,每季度,2015/1/28,XLS
 市政府法制办公告2015年第1号      ,1220,132,社会发展,综合类,其他类,普通公开,每半年,2015/10/20,DOC
 绿化市容管理与服务机构      ,2000,603,机构团体,综合类,业务类,特定公开,每年,2015/1/12,XLS
 《建设项目选址意见书》（市政类）审批      ,1948,231,城市建设,城乡规划,业务类,普通公开,每年,2015/1/30,XLS
 《建设工程规划设计要求》（市政类）审批      ,1946,230,城市建设,城乡规划,业务类,普通公开,每年,2015/1/30,XLS
 各区县侨办基本信息      ,942,146,机构团体,综合类,机构职能,普通公开,每年,2016/1/27,XLSX
 内河泊位      ,130,11,道路交通,交通运输,业务类,普通公开,每年,2016/11/15,XLSX
 废弃电器电子产品处理资格证书名单      ,1811,299,资源环境,环境保护、治理,业务类,普通公开,每年,2015/3/17,XLS
 婚姻收养登记机关信息      ,1228,191,民生服务,民政,业务类,普通公开,每半年,2015/10/13,XLS
 认建认养信息      ,1239,172,民生服务,城乡建设、环境保护,业务类,特定公开,实时,2015/10/9,XLS
 《建设用地规划许可证》（市政类）审批      ,1931,253,城市建设,城乡规划,业务类,普通公开,每年,2015/1/30,XLS
 排水井服务接口      ,939,95,,农业、水利,业务类,普通公开,,2016/1/25,API
 公证员      ,1163,194,社会发展,司法,业务类,普通公开,每月,2015/11/4,XLS
 回填点信息      ,233,26,,城乡建设、环境保护,业务类,普通公开,,2016/10/8,API
 汽车维修企业      ,145,15,道路交通,交通运输,业务类,普通公开,每半年,2016/11/9,XLSX
 专利工作者培训人数      ,2057,326,教育科技,知识产权,机构职能,普通公开,每年,2014/12/11,XLS
 资产评估分支机构设立审批办理状态信息      ,990,68,,财政,业务类,普通公开,,2016/1/5,API
 上海市职业教育机构名单      ,2154,495,教育科技,教育,业务类,普通公开,每年,2014/11/5,XLS
 公交学员信息      ,199,18,道路交通,交通运输,业务类,普通公开,每半年,2016/10/20,XLSX
 1978年以来商品零售价格指数      ,1919,396,经济建设,统计,业务类,普通公开,每年,2015/1/28,XLS
 生活垃圾中转站信息      ,1226,237,城市建设,城乡建设,业务类,普通公开,每半年,2015/10/9,XLSX
 保健食品生产企业信息      ,1927,513,卫生健康,医药卫生管理,业务类,特定公开,二周,2015/1/23,XLSX
 生活垃圾收集点信息      ,1223,239,民生服务,城乡建设,业务类,普通公开,每半年,2015/10/9,XLSX
 “阳光基地”信息      ,1261,191,民生服务,综合类,其他类,普通公开,每年,2015/9/25,XLS
 工地信息      ,231,22,,城乡建设、环境保护,业务类,普通公开,,2016/10/8,API
 《建设用地规划许可证（市政类临时）》审批      ,1899,224,城市建设,城乡规划,业务类,普通公开,每年,2015/1/30,XLS
 化粪池信息      ,1216,205,城市建设,城乡建设,业务类,普通公开,每半年,2015/10/9,XLS
 初步设计审批单位信息      ,1241,201,城市建设,城乡建设,机构职能,普通公开,每年,2015/9/29,XLS
 “双特”涉老行业受理部门      ,1202,184,民生服务,民政,业务类,普通公开,每年,2015/10/13,XLS
 汽修业户许可信息      ,175,18,道路交通,交通运输,业务类,特定公开,每季度,2016/10/28,XLSX
 公共厕所      ,1933,450,民生服务,综合类,业务类,特定公开,每半年,2015/1/13,XLSX
 技术创新服务平台      ,1904,523,教育科技,科技管理,机构职能,普通公开,每年,2015/1/21,XLSX
 残疾人康复中心信息      ,1242,184,民生服务,综合类,其他类,普通公开,每年,2015/9/25,XLS
 2015年上海市人民政府法制办公室预算编制说明      ,1177,114,社会发展,综合类,业务类,普通公开,每年,2015/10/19,DOC
 华侨事务受理信息      ,909,137,民生服务,综合类,业务类,普通公开,每年,2016/1/27,XLSX
 上海市人民政府法制办公室主要职能      ,1174,124,社会发展,综合类,机构职能,普通公开,每年,2015/10/19,DOC
 工商行政处罚信息      ,1017,12,,经济管理,业务类,"依申请公开
          
          
          
   
    
             
         
          
			   申请 ",,2015/12/16,API
 勘察企业资质      ,1892,324,城市建设,城乡建设,业务类,普通公开,每季度,2015/1/21,XLSX
 社区事务受理中心      ,1947,585,机构团体,民政,业务类,普通公开,每半年,2014/12/31,XLSX
 “阳光之家”信息      ,1227,180,民生服务,综合类,其他类,普通公开,每年,2015/9/25,XLS
 1978年以来生产总值收入法项目      ,1856,276,经济建设,统计,业务类,普通公开,每年,2015/1/28,XLS
 《临时建设工程规划许可证》审批      ,1849,226,城市建设,城乡规划,业务类,普通公开,每年,2015/1/30,XLS
 区县统计局批准的区县级政府部门统计调查项目      ,1406,257,经济建设,统计,机构职能,普通公开,每年,2015/7/17,XLSX
 上海电机学院一卡通数据      ,100,6,教育科技,教育,业务类,普通公开,每年,2016/11/24,XLSX
 科技管理与服务机构      ,1871,482,教育科技,科技管理,机构职能,普通公开,每年,2015/1/19,XLS
 建筑业受理服务部门信息      ,1112,194,城市建设,城乡建设,机构职能,普通公开,每年,2015/11/4,XLS
 公安局登记备案的机动车检测场信息      ,1153,240,道路交通,公安,业务类,普通公开,每年,2015/10/19,XLSX
 设施附件类数据      ,1124,193,城市建设,水利,业务类,特定公开,每年,2015/10/30,XLSX
 典当企业信息      ,1126,257,经济建设,国内贸易,业务类,普通公开,每年,2015/10/29,XLS
 交通事故理赔中心      ,2006,634,机构团体,公安,业务类,普通公开,每季度,2014/11/24,XLS
 燃气企业、器具信息      ,1143,345,城市建设,城乡建设,业务类,普通公开,每年,2015/10/20,XLS
 上海市各区县房地产交易中心税务窗口      ,1107,177,机构团体,税务,机构职能,普通公开,每年,2015/11/2,XLSX
 2015年上海市人民政府法制办公室部门“三公”经费预算说明      ,1143,121,社会发展,综合类,其他类,普通公开,每年,2015/10/19,DOC
 第六次人口普查10%人口普查数据就业人口年龄构成      ,1828,371,社会发展,统计,业务类,普通公开,每十年,2015/1/28,XLSX
 《建设工程规划许可证》（市政交通）审批      ,1820,257,城市建设,城乡规划,业务类,普通公开,每年,2015/1/30,XLS
 “阳光心园”信息      ,1202,169,民生服务,综合类,其他类,普通公开,每年,2015/9/25,XLSX
 全市公共停车场库经营统计      ,3870,1253,道路交通,交通运输,业务类,普通公开,每半年,2012/11/28,ZIP
 上海现代服务业集聚区基本情况      ,3839,2045,经济建设,服务业,业务类,普通公开,每年,2012/12/7,XLSX
 居民委员会      ,1679,484,机构团体,公安,业务类,普通公开,每年,2015/3/23,XLSX
 法律援助中心      ,1710,274,机构团体,政法综合类,其他类,普通公开,每月,2015/3/10,XLS
 上海大学SAP信息管理系统      ,98,8,教育科技,教育,业务类,普通公开,每年,2016/11/24,XLSX
 上海市“销售真牌真品，保护知识产权”承诺单位名单      ,1941,267,民生服务,知识产权,机构职能,普通公开,每年,2014/12/10,XLS
 各区县税务分局对外服务窗口      ,1934,461,机构团体,税务,业务类,普通公开,每年,2014/12/11,XLSX
 第六次人口普查10%人口普查数据就业人口职业分布      ,1808,336,社会发展,统计,业务类,普通公开,每年,2015/1/28,XLSX
 市住建委相关行业协会信息      ,1180,246,城市建设,城乡建设,业务类,普通公开,每年,2015/9/29,XLSX
 企业基本信息查询      ,1920,368,经济建设,税务,业务类,普通公开,每日,2014/12/11,API
 特种设备检验检测信息      ,878,5,,工业、交通,机构职能,"依申请公开
          
          
          
   
    
             
         
          
			   申请 ",,2016/1/22,API
 职业培训机构信息      ,993,95,社会发展,劳动人事综合类,业务类,普通公开,实时更新,2015/12/7,API
 市局外国（地区）常驻代表机构换证公告数据      ,99,3,,经济管理,机构职能,普通公开,,2016/11/23,API
 经批准的募捐活动信息      ,1132,170,民生服务,民政,业务类,普通公开,每半年,2015/10/13,XLS
 第六次人口普查老年人口      ,1784,347,社会发展,统计,业务类,普通公开,每十年,2015/1/28,XLSX
 宗教场所      ,1856,484,民生服务,综合类,业务类,普通公开,每年,2014/12/30,XLS
 全市社区旅游信息服务点信息      ,1139,255,文化休闲,旅游、服务业综合类,其他类,普通公开,每年,2015/10/9,XLS
 企业技术中心认定      ,1987,62,经济建设,工业,业务类,普通公开,每年,2014/11/7,XLS
 就业促进中心相关信息      ,1794,386,社会发展,劳动人事综合类,其他类,普通公开,每半年,2015/1/19,XLSX
 食药监机构信息      ,1780,406,卫生健康,医药卫生管理,机构职能,特定公开,二周,2015/1/23,XLSX
 燃煤（重油）锅炉清洁能源替代受理点      ,1972,246,机构团体,工业,业务类,普通公开,每年,2014/11/7,CSV
 基层法律服务所      ,1659,279,社会发展,政法综合类,其他类,普通公开,每月,2015/3/10,XLS
 1978年以来上海市生产总值比上年增长      ,1760,288,经济建设,统计,业务类,普通公开,每年,2015/1/28,XLS
 第六次人口普查人口密度      ,1757,393,社会发展,统计,业务类,普通公开,每十年,2015/1/28,XLSX
 上海市教育管理与服务机构名单      ,1964,417,教育科技,教育,业务类,普通公开,每年,2014/11/5,XLS
 1978年以来居民消费价格指数      ,1754,372,经济建设,统计,业务类,普通公开,每年,2015/1/28,XLS
 全市典当企业信息      ,1093,210,民生服务,公安,业务类,普通公开,每年,2015/10/19,XLS
 清真网点      ,1438,249,民生服务,综合类,业务类,普通公开,每年,2015/6/2,XLS
 上海市生产总值分行业统计      ,3691,976,经济建设,统计,业务类,普通公开,每年,2012/12/5,XLS
 1978年以来生产总值构成      ,1746,335,经济建设,统计,业务类,普通公开,每年,2015/1/28,XLS
 环境管理与服务机构      ,1625,284,机构团体,城乡建设、环境保护,机构职能,普通公开,按需要,2015/3/17,XLS
 本市会计从业资格持证人员基础信息      ,1107,139,教育科技,会计,业务类,普通公开,每年,2015/10/12,API
 上海大学门户网站信息      ,94,9,教育科技,教育,业务类,普通公开,每年,2016/11/24,XLSX
 上海工程技术大学信息化校园基础数据      ,94,6,教育科技,教育,业务类,普通公开,每年,2016/11/24,XLSX
 上海第二工业大学公共数据平台信息      ,94,7,教育科技,教育,业务类,普通公开,每年,2016/11/24,XLS
 上海市职业健康检查机构      ,1893,586,卫生健康,医药卫生管理,机构职能,普通公开,每年,2014/11/27,XLS
 合伙制资产评估机构设立审批办理状态信息      ,894,47,,财政,业务类,普通公开,,2016/1/5,API
 1978年以来社会消费品零售总额按用途分类      ,1738,372,经济建设,统计,业务类,普通公开,每年,2015/1/28,XLS
 结婚登记预约机构接口文档      ,1012,88,,民政、社区,业务类,普通公开,,2015/11/18,API
 律师事务所      ,1636,337,社会发展,政法综合类,其他类,普通公开,每月,2015/3/10,XLSX
 骨灰堂      ,1810,656,民生服务,民政,业务类,普通公开,每半年,2014/12/29,XLS
 工程渣土运输服务企业信息      ,1107,213,城市建设,城乡建设、环境保护,业务类,特定公开,每年,2015/10/9,XLSX
 烟火燃放单位资质信息      ,1065,188,公共安全,公安,业务类,普通公开,每年,2015/10/26,XLSX
 食品流通企业信息      ,1743,378,卫生健康,医药卫生管理,业务类,特定公开,二周,2015/1/23,XLSX
 网上房地产二手房可售数据      ,1769,408,民生服务,房地产,业务类,普通公开,每年,2015/1/12,XLS
 交通事故自行协商处理便民服务点高架道路“便民服务箱”位置分布      ,1883,500,道路交通,公安,业务类,普通公开,每季度,2014/11/24,XLSX
 上海理工大学校园网出口带宽情况      ,93,4,教育科技,教育,业务类,普通公开,每年,2016/11/24,XLSX
 上海理工大学校园网基础覆盖情况      ,93,5,教育科技,教育,业务类,普通公开,每年,2016/11/24,XLSX
 上海工程技术大学国际交流与合作信息      ,93,5,教育科技,教育,业务类,普通公开,每年,2016/11/24,XLSX
 公司制资产评估机构设立审批办理状态信息      ,885,52,,财政,业务类,普通公开,,2016/1/5,API
 涉及公民权利义务的公安机关规范性文件信息      ,1072,174,民生服务,公安,业务类,普通公开,每年,2015/10/19,XLSX
 渣土码头信息      ,207,16,,城乡建设、环境保护,业务类,普通公开,,2016/10/8,API
 各区县办税服务厅个人房产税专窗      ,1830,414,民生服务,税务,业务类,普通公开,每年,2014/12/11,XLSX
 婚姻登记机构      ,1786,325,机构团体,民政,业务类,普通公开,每半年,2014/12/29,XLSX
 拍卖资质企业信息      ,1044,243,经济建设,国内贸易,业务类,普通公开,每季度,2015/10/29,XLS
 房地产经纪企业基本信息      ,3614,1400,城市建设,房地产,业务类,普通公开,每年,2012/12/4,XLS
 车辆清洗点      ,1744,445,民生服务,综合类,业务类,特定公开,每年,2015/1/13,XLSX
 网上房地产一手房可售数据      ,1746,419,民生服务,房地产,业务类,普通公开,每年,2015/1/12,XLS
 公证处      ,1607,283,社会发展,政法综合类,其他类,普通公开,每月,2015/3/10,XLS
 1978年以来上海市生产总值（支出法）      ,1705,310,经济建设,统计,业务类,普通公开,每年,2015/1/28,XLS
 上海工程技术大学松江新校区校园网络信息      ,92,5,教育科技,教育,业务类,普通公开,每年,2016/11/24,XLSX
 上海工程技术大学仙霞路校区网络信息      ,92,5,教育科技,教育,业务类,普通公开,每年,2016/11/24,XLSX
 上海工程技术大学应用子系统数据信息      ,92,7,教育科技,教育,业务类,普通公开,每年,2016/11/24,XLSX
 上海市中小学生、婴幼儿住院医疗互助基金定点医疗机构      ,1844,335,卫生健康,医药卫生管理,机构职能,普通公开,每年,2014/11/27,XLS
 第六次人口普查受教育程度人口的年龄构成      ,1691,308,社会发展,统计,业务类,普通公开,每十年,2015/1/28,XLSX
 医疗急救机构      ,1838,514,卫生健康,医药卫生管理,机构职能,普通公开,每年,2014/11/27,XLS
 自然保护区      ,1723,433,民生服务,土地,业务类,特定公开,每年,2015/1/13,XLSX
 体彩销售点信息      ,1447,249,文化休闲,体育,业务类,普通公开,每年,2015/5/6,XLS
 机动车维修企业      ,1716,358,民生服务,交通运输,业务类,普通公开,每半年,2015/1/13,XLSX
 各直属税务分局对外服务窗口      ,1794,395,机构团体,税务,业务类,普通公开,每年,2014/12/11,XLSX
 驾驶员培训许可信息      ,155,17,道路交通,交通运输,业务类,特定公开,每季度,2016/10/28,XLSX
 食品相关产品生产许可获证企业信息      ,822,3,,综合政务,业务类,"依申请公开
          
          
          
   
    
             
         
          
			   申请 ",,2016/1/22,API
 古树名木      ,1709,327,民生服务,综合类,其他类,特定公开,每年,2015/1/13,XLS
 中小商贸流通企业服务机构信息      ,860,11,,商业、贸易,业务类,"依申请公开
          
          
          
   
    
             
         
          
			   申请 ",,2016/1/5,API
 货运和货运站许可信息      ,154,12,道路交通,交通运输,业务类,特定公开,每季度,2016/10/28,XLSX
 司法鉴定机构      ,1569,278,社会发展,政法综合类,其他类,普通公开,每月,2015/3/10,XLSX
 上海市领事认证量      ,1567,226,社会发展,对外事务综合类,其他类,普通公开,每半年,2015/3/10,XLS
 药品生产企业信息      ,1674,346,卫生健康,医药卫生管理,业务类,特定公开,二周,2015/1/23,XLSX
 主要年份信息产业增加值      ,1655,280,经济建设,统计,业务类,普通公开,每年,2015/1/28,XLS
 外省市驻沪建管部门信息      ,996,189,城市建设,城乡建设,其他类,普通公开,每年,2015/11/4,XLS
 野生动植物重要栖息地      ,1687,429,民生服务,水资源,业务类,特定公开,每年,2015/1/13,XLSX
 上海第二工业大学校园网络信息      ,89,4,教育科技,教育,业务类,普通公开,每年,2016/11/24,XLS
 市局外国（地区）常驻代表机构撤销公告数据      ,91,3,,经济管理,机构职能,普通公开,,2016/11/23,API
 学生体质健康监测中心名单      ,1838,304,卫生健康,教育,业务类,普通公开,每年,2014/11/5,XLS
 1978年以来社会消费品零售总额按经济类型分      ,1642,277,经济建设,统计,业务类,普通公开,每年,2015/1/28,XLS
 上海市旅行社名单      ,1669,345,文化休闲,旅游,业务类,普通公开,每年,2015/1/16,XLS
 精神卫生中心      ,1700,385,卫生健康,民政,业务类,普通公开,每年,2014/12/31,XLS
 辐射安全许可信息      ,915,121,,城乡建设、环境保护,业务类,普通公开,,2015/12/3,API
 上海社会经济主要指标占全国比重      ,1629,312,经济建设,统计,业务类,普通公开,每年,2015/1/28,XLS
  区县商务主管部门基本信息      ,982,194,机构团体,经贸管理,机构职能,普通公开,每年,2015/11/3,XLSX
 上海市“安全优质信得过果园”名单      ,1642,266,民生服务,林业,业务类,特定公开,每年,2015/1/21,XLSX
 全市出入境中介机构信息      ,1015,213,机构团体,公安,机构职能,普通公开,每年,2015/10/19,XLS
 各行业所有制职工人数      ,1624,321,社会发展,统计,业务类,普通公开,每年,2015/1/28,XLS
 社区生活服务中心      ,1528,340,民生服务,民政,业务类,普通公开,每年,2015/3/10,XLSX
 一手房开盘成交信息查询      ,3443,892,民生服务,房地产,业务类,普通公开,每月,2012/11/22,API
 上海市各区县税务局私房出租代征点信息      ,1724,293,民生服务,税务,业务类,普通公开,每年,2014/12/11,XLSX
 食品相关产品生产许可证注销信息       ,789,4,,商业、贸易,业务类,"依申请公开
          
          
          
   
    
             
         
          
			   申请 ",,2016/1/22,API
 上海市知识产权试点示范园区名录      ,1718,317,教育科技,知识产权,机构职能,普通公开,每年,2014/12/11,XLS
 1978年以来社会消费品零售总额按行业分类      ,1607,293,经济建设,统计,业务类,普通公开,每年,2015/1/28,XLS
 上海市人均生产总值      ,1606,347,经济建设,统计,业务类,普通公开,每年,2015/1/28,XLS
 上海市导游人员名单      ,1632,337,文化休闲,旅游,业务类,普通公开,每年,2015/1/16,XLS
 街道乡镇司法所      ,1622,291,机构团体,政法综合类,其他类,普通公开,每月,2015/1/20,XLSX
 公墓      ,1669,458,民生服务,民政,业务类,普通公开,每半年,2014/12/29,XLS
 机动车驾驶证换证提醒告知信息      ,856,76,,政法、监察,业务类,普通公开,,2015/12/21,API
 主要年份上海市生产总值按所有制分      ,1598,290,经济建设,统计,业务类,普通公开,每年,2015/1/28,XLS
 全市道路运输驾驶员从业资格培训企业名录      ,3397,590,道路交通,交通运输,业务类,普通公开,每半年,2012/11/26,XLSX
 内资企业设立登记公告数据      ,3403,978,经济建设,工商,业务类,普通公开,每年,2012/11/23,XLS
 工商行政审批事项办理状态信息      ,866,13,,经济管理,业务类,"依申请公开
          
          
          
   
    
             
         
          
			   申请 ",,2015/12/16,API
 上海电机学院网络基本信息      ,86,4,教育科技,教育,业务类,普通公开,每年,2016/11/24,XLSX
 上海旅游行业管理机构      ,1620,324,机构团体,旅游,业务类,普通公开,每年,2015/1/16,XLSX
 外商投资运输业许可信息      ,147,12,道路交通,交通运输,业务类,特定公开,每季度,2016/10/28,XLSX
 质监局机构信息      ,1618,400,机构团体,机构编制,机构职能,普通公开,每年,2015/1/14,XLSX
 1978年以来生产总值收入法项目构成      ,1585,261,经济建设,统计,业务类,普通公开,每年,2015/1/28,XLS
 主要年份旅游产业增加值      ,1582,327,经济建设,统计,业务类,普通公开,每年,2015/1/28,XLS
 集成电路设计企业      ,1762,431,经济建设,信息产业综合类,业务类,普通公开,每年,2014/11/7,XLS
 第六次人口普查少数民族人口数      ,1575,264,社会发展,统计,业务类,普通公开,每十年,2015/1/28,XLSX
 国家知识产权局专利局上海代办处服务时间      ,1684,261,教育科技,知识产权,机构职能,普通公开,每年,2014/12/10,XLSX
 联合国贸易网点信息      ,836,19,,商业、贸易,业务类,"依申请公开
          
          
          
   
    
             
         
          
			   申请 ",,2015/12/24,API
 地质勘查资质注册登记      ,1566,323,资源环境,矿藏,业务类,普通公开,每年,2015/1/30,XLS
 全市营运交通工具统计      ,3335,930,道路交通,交通运输,业务类,普通公开,每半年,2012/11/28,ZIP
 上海各区县受理窗口情况一览表（文化）      ,1626,312,文化休闲,文体综合类,机构职能,普通公开,每年,2014/12/31,XLS
 第六次人口普查民族人口      ,1562,274,社会发展,统计,业务类,普通公开,每十年,2015/1/28,XLSX
 1978年以来最终消费支出及构成      ,1556,305,经济建设,统计,业务类,普通公开,每年,2015/1/28,XLS
 网吧信息      ,1432,363,文化休闲,公安,业务类,普通公开,每年,2015/3/23,XLSX
 湿地      ,1582,342,民生服务,水资源,业务类,特定公开,每年,2015/1/13,XLSX
 产业结构调整市重点项目      ,1729,402,经济建设,企业,业务类,普通公开,每年,2014/11/7,XLS
 保安从业单位      ,1429,294,公共安全,公安,业务类,普通公开,每年,2015/3/23,XLS
 清道工人作息场所信息      ,989,172,城市建设,城乡建设,其他类,普通公开,每半年,2015/10/9,XLSX
 危险废物综合经营许可信息      ,867,88,,城乡建设、环境保护,业务类,普通公开,,2015/12/3,API
 市质监局行政审批事项办理状态信息      ,757,12,,综合政务,业务类,"依申请公开
          
          
          
   
    
             
         
          
			   申请 ",,2016/1/22,API
 1978年以来固定资产投资及其增长速度      ,1542,317,经济建设,统计,业务类,普通公开,每年,2015/1/28,XLS
 1980年以来农村居民家庭生活基本情况      ,1542,264,社会发展,统计,业务类,普通公开,每年,2015/1/28,XLS
 上海市生产总值按产业分      ,1541,317,经济建设,统计,业务类,普通公开,每年,2015/1/28,XLS
 1978年以来生产总值指数      ,1540,258,经济建设,统计,业务类,普通公开,每年,2015/1/28,XLS
 主要年份上海市生产总值按三次产业分      ,1532,291,经济建设,统计,业务类,普通公开,每年,2015/1/28,XLS
 设计企业资质      ,1547,372,城市建设,城乡建设,业务类,普通公开,每季度,2015/1/21,XLSX
 第六次人口普查出境人口      ,1530,267,社会发展,统计,业务类,普通公开,每十年,2015/1/28,XLSX
 上海采供血机构      ,1662,346,卫生健康,医药卫生管理,机构职能,普通公开,每年,2014/11/27,XLS
 非碘盐供应点      ,936,76,民生服务,综合类,业务类,普通公开,每年,2015/10/27,API
 上海主要展馆信息      ,1575,362,经济建设,综合类,其他类,普通公开,每年,2015/1/5,XLSX
 市新闻出版局行政审批事项办理状态信息      ,886,78,,文化、卫生、体育,业务类,普通公开,,2015/11/18,API
 保安培训机构      ,1404,273,公共安全,公安,业务类,普通公开,每年,2015/3/23,XLS
 上海市领队人员名单      ,1532,272,文化休闲,旅游,业务类,普通公开,每年,2015/1/16,XLS
 上海市妇幼保健所基本信息      ,1637,373,卫生健康,医药卫生管理,机构职能,普通公开,每年,2014/11/27,XLSX
 国民经济主要指标比上年增长      ,1494,291,经济建设,统计,业务类,普通公开,每年,2015/1/28,XLS
 殡仪馆      ,1548,397,民生服务,民政,业务类,普通公开,每半年,2014/12/29,XLS
 主要年份城镇登记失业人数和城镇登记失业率      ,1478,288,经济建设,统计,业务类,普通公开,每年,2015/1/28,XLS
 1978年以来居民消费水平及指数      ,1477,331,经济建设,统计,业务类,普通公开,每年,2015/1/28,XLS
 居民身份证拍照点      ,1613,274,民生服务,公安,业务类,普通公开,每季度,2014/11/24,XLS
 社会救助管理机构      ,1539,414,机构团体,民政,业务类,普通公开,每半年,2014/12/29,XLS
 各时期社会经济主要指标      ,1475,356,经济建设,统计,业务类,普通公开,每年,2015/1/28,XLS
 全市汽车快修企业名录      ,3087,770,道路交通,交通运输,业务类,普通公开,每半年,2012/12/17,XLS
 2015年烟花爆竹零售点      ,1359,258,公共安全,公安,业务类,普通公开,每年,2015/3/23,XLSX
 1978年以来固定资产投资按经济类型分      ,1469,274,经济建设,统计,业务类,普通公开,每年,2015/1/28,XLS
 招标代理机构资质      ,1482,307,城市建设,城乡建设,业务类,普通公开,每季度,2015/1/21,XLSX
 上海市、区县疾病预防控制机构      ,1595,298,卫生健康,医药卫生管理,机构职能,普通公开,每年,2014/11/27,XLS
 建材备案部门基本信息      ,912,187,城市建设,城乡建设,业务类,普通公开,每年,2015/10/20,XLSX
 驾驶员体检记录      ,269,34,,政法、监察,业务类,普通公开,,2016/8/24,API
 上海市、区县牙病防治机构      ,1583,380,卫生健康,医药卫生管理,机构职能,普通公开,每年,2014/11/27,XLS
 活禽定点零售交易点信息      ,886,177,民生服务,国内贸易,业务类,普通公开,不定期,2015/10/28,XLS
 第六次人口普查出生人口      ,1446,284,社会发展,统计,业务类,普通公开,每十年,2015/1/28,XLSX
 地质灾害治理工程勘察、设计、施工、监理单位资质审批      ,1436,232,资源环境,矿藏,业务类,普通公开,每年,2015/1/30,XLS
 上海国家工程技术研究中心      ,1326,308,教育科技,科技管理,业务类,普通公开,每年,2015/3/23,XLSX
 河道水质      ,1450,132,资源环境,水利,业务类,普通公开,每月,2015/1/21,API
 水务行政审批GIS信息      ,834,86,,农业、水利,业务类,普通公开,,2015/11/18,API
 1980年以来城市居民家庭生活基本情况      ,1431,314,经济建设,统计,业务类,普通公开,每年,2015/1/28,XLS
 殡葬服务代理机构      ,1490,386,民生服务,民政,业务类,普通公开,每年,2014/12/29,XLS
 烈士陵园      ,1484,341,民生服务,民政,业务类,普通公开,每年,2014/12/29,XLS
 1978年以来工业总产值及其增长速度      ,1423,264,经济建设,统计,业务类,普通公开,每年,2015/1/28,XLS
 中高级专业技术职务任职资格评审信息      ,790,59,社会发展,工资职称,业务类,普通公开,实时更新,2015/12/7,API
 全市普通机动车驾驶员培训企业名录      ,3023,627,道路交通,交通运输,业务类,普通公开,每半年,2012/11/26,XLSX
 内河船舶户牌及船民证办理点信息      ,887,160,民生服务,公安,业务类,普通公开,每年,2015/10/19,XLS
 慈善救助服务社      ,1479,342,民生服务,民政,业务类,普通公开,每半年,2014/12/29,XLS
 上海市现制现售水经营单位      ,1541,273,卫生健康,医药卫生管理,机构职能,普通公开,每年,2014/11/27,XLS
 体育彩票公益金情况公告      ,1233,210,文化休闲,体育,业务类,普通公开,每年,2015/4/28,XLSX
 1978年以来建筑业总产值、全员劳动生产率等主要指标      ,1412,256,经济建设,统计,业务类,普通公开,每年,2015/1/28,XLS
 上海农村居民家庭收支情况      ,2973,708,经济建设,统计,业务类,普通公开,每年,2012/12/4,XLS
 1978年以来固定资产投资按投资类别分      ,1401,261,经济建设,统计,业务类,普通公开,每年,2015/1/28,XLS
 造价咨询企业资质      ,1412,294,城市建设,城乡建设,业务类,普通公开,每季度,2015/1/21,XLSX
 水资源公报      ,1412,119,资源环境,水利,业务类,普通公开,每年,2015/1/21,API
 施工企业资质      ,1405,288,城市建设,城乡建设,业务类,普通公开,每季度,2015/1/21,XLSX
 主要年份上海市生产总值按非公有制经济分      ,1385,244,经济建设,统计,业务类,普通公开,每年,2015/1/28,XLS
 本市经许可开展节育手术和终止妊娠技术的医疗机构      ,1499,233,卫生健康,医药卫生管理,机构职能,普通公开,每年,2014/11/27,XLSX
 救助管理站      ,1420,244,民生服务,民政,业务类,普通公开,每半年,2014/12/29,XLS
 上海市基础测绘成果      ,2842,804,城市建设,城乡规划,业务类,普通公开,每年,2012/12/20,API
 机动车违法受理点      ,1480,451,机构团体,公安,业务类,普通公开,每季度,2014/11/24,XLS
 上海市、区县眼病防治机构      ,1465,264,卫生健康,医药卫生管理,机构职能,普通公开,每年,2014/11/27,XLS
 1978年以来居民消费价格指数分类别      ,1346,262,经济建设,统计,业务类,普通公开,每年,2015/1/28,XLS
 第六次人口普查死亡人口      ,1338,249,社会发展,统计,业务类,普通公开,每十年,2015/1/28,XLSX
 1978年以来全员劳动生产率      ,1335,260,经济建设,综合类,业务类,普通公开,每年,2015/1/28,XLS
 拘留所信息      ,2848,1078,公共安全,公安,业务类,普通公开,每年,2012/11/20,XLSX
 拆迁资质单位基本信息      ,2833,954,城市建设,房地产,业务类,普通公开,每年,2012/11/22,XLS
 上海市医疗机构发热门诊基本信息      ,1436,270,卫生健康,医药卫生管理,机构职能,普通公开,每年,2014/11/27,XLS
 海葬服务机构      ,1372,290,民生服务,民政,业务类,普通公开,每年,2014/12/29,XLS
 上海市著名商标公告数据      ,2802,430,民生服务,工商,业务类,普通公开,每年,2012/11/23,XLS
 排水泵站服务接口      ,635,68,,农业、水利,业务类,普通公开,,2016/1/25,API
 测绘行业名录      ,2733,1259,城市建设,城乡规划,机构职能,普通公开,每年,2012/12/20,XLS
 上海市水务局行政许可决定书      ,1213,62,资源环境,水利,业务类,特定公开,每日,2015/3/16,API
 上海市肉品批发行情      ,1334,284,民生服务,国内贸易,业务类,普通公开,每周,2015/1/5,XLSX
 上海对外贸易经营者备案登记情况      ,2720,507,经济建设,对外贸易,业务类,普通公开,每月,2012/12/7,XLSX
 上海市粮食批发行情      ,1326,239,民生服务,国内贸易,业务类,普通公开,每周,2015/1/5,XLSX
 上海对外承包工程完成营业额、新签合同额      ,1324,237,经济建设,对外贸易,业务类,普通公开,每月,2015/1/5,XLSX
 监理企业资质      ,1288,282,城市建设,城乡建设,业务类,普通公开,每季度,2015/1/21,XLSX
 上海对外直接投资核准额      ,1316,267,经济建设,对外贸易,业务类,普通公开,每月,2015/1/5,XLSX
 水务行政审批信息      ,619,60,,农业、水利,业务类,普通公开,,2016/1/25,API
 1978年以来资本形成总额和指数      ,1265,249,经济建设,统计,业务类,普通公开,每年,2015/1/28,XLS
 交通管理与服务机构      ,1381,321,机构团体,公安,业务类,普通公开,每季度,2014/11/24,XLS
 出版专业技术人员责任编辑注册      ,1302,112,教育科技,新闻出版,业务类,普通公开,每年,2015/1/6,API
 上海市公共场所卫生技术服务机构      ,1369,267,卫生健康,医药卫生管理,机构职能,普通公开,每年,2014/11/27,XLS
 历年户数、 人口、人口密度和户籍人口期望寿命      ,2657,767,社会发展,统计,业务类,普通公开,每年,2012/12/4,XLS
 经批准本市开展人类辅助生殖技术的服务机构      ,1362,244,卫生健康,医药卫生管理,机构职能,普通公开,每年,2014/11/27,XLSX
 上海对外劳务合作派遣人数、月末在外人数      ,1288,236,社会发展,对外贸易,业务类,普通公开,每月,2015/1/5,XLSX
 上海市职业病鉴定办事机构      ,1341,326,卫生健康,医药卫生管理,机构职能,普通公开,每年,2014/11/27,XLS
 经常性社会救助接收点      ,1282,247,民生服务,民政,业务类,普通公开,每半年,2014/12/29,XLS
 本市经许可开展助产技术的医疗机构      ,1337,251,卫生健康,医药卫生管理,机构职能,普通公开,每年,2014/11/27,XLSX
 地面沉降监测设施      ,2560,1255,城市建设,土地,业务类,普通公开,每年,2012/12/20,XLS
 计生事务受理机构      ,1233,258,机构团体,计划生育,机构职能,普通公开,每年,2015/1/21,XLSX
 报纸基本信息      ,1253,133,文化休闲,新闻出版,业务类,普通公开,每年,2015/1/6,API
 行政复议决定书      ,754,29,社会发展,综合类,业务类,普通公开,每季度,2015/10/20,API
 经批准本市开展产前诊断的医疗机构      ,1315,240,卫生健康,医药卫生管理,机构职能,普通公开,每年,2014/11/27,XLSX
 上海市犬伤门诊基本信息      ,1310,266,卫生健康,医药卫生管理,机构职能,普通公开,每年,2014/11/27,XLS
 水务海洋行政审批电子档案      ,701,77,,农业、水利,业务类,"依申请公开
          
          
          
   
    
             
         
          
			   申请 ",,2015/11/18,API
 全市道路货运出租企业名录      ,2558,591,道路交通,企业,业务类,普通公开,每半年,2012/11/26,XLSX
 社会体育指导员信息      ,697,19,,文化、卫生、体育,业务类,"依申请公开
          
          
          
   
    
             
         
          
			   申请 ",,2015/11/18,API
 房管行业岗位水平证书信息      ,2544,884,城市建设,房地产,业务类,普通公开,每年,2012/11/22,XLS
 慈善超市      ,1235,280,民生服务,民政,业务类,普通公开,每半年,2014/12/29,XLS
 经许可开展婚前医学检查的医疗机构      ,1286,317,卫生健康,医药卫生管理,机构职能,普通公开,每年,2014/11/27,XLS
 历史成交地块信息      ,2472,644,城市建设,土地,业务类,普通公开,每年,2012/12/20,XLS
 上海市艾滋病自愿免费咨询检测点      ,1270,252,卫生健康,医药卫生管理,机构职能,普通公开,每年,2014/11/27,XLS
 上海市结核病定点医院      ,1265,255,卫生健康,医药卫生管理,机构职能,普通公开,每年,2014/11/27,XLS
 水务海洋业务受理综合信息-结果公告      ,1084,26,资源环境,水利,业务类,普通公开,每日,2015/3/12,API
 上海市职业病诊断机构      ,1254,303,卫生健康,医疗保健,机构职能,普通公开,每年,2014/11/27,XLS
 规范性文件审查意见书      ,718,33,社会发展,综合类,政策法规,普通公开,每月,2015/10/20,API
 上海市放射卫生技术服务机构      ,1238,243,卫生健康,医药卫生管理,机构职能,普通公开,每年,2014/11/27,XLS
 安全技术防范产品持证信息      ,2426,745,公共安全,公安,业务类,普通公开,每年,2012/11/20,XLS
 上海市接种门诊信息      ,1235,237,卫生健康,医药卫生管理,机构职能,普通公开,每年,2014/11/27,XLS
 全市道路危险货物运输企业名录      ,2408,556,道路交通,交通运输,业务类,普通公开,每半年,2012/11/26,XLS
 上海城市居民家庭收支情况      ,2377,694,经济建设,统计,业务类,普通公开,每年,2012/12/4,XLS
 办税地图      ,1182,140,经济建设,税务,其他类,普通公开,每年,2014/12/11,API
 出入境受理点      ,1207,249,机构团体,公安,业务类,普通公开,每季度,2014/11/24,XLS
 上海市从业人员预防性健康检查机构      ,1198,230,卫生健康,医药卫生管理,机构职能,普通公开,每年,2014/11/27,XLS
 个人住房房产税应税及已缴税情况查询      ,1162,184,民生服务,税务,业务类,普通公开,每年,2014/12/11,API
 物业管理企业基本信息      ,2310,520,城市建设,房地产,业务类,普通公开,每年,2012/11/22,XLS
 水务海洋业务受理综合信息-办理状态      ,1009,22,资源环境,水利,业务类,普通公开,每日,2015/3/12,API
 上海社会消费品零售总额及其增长速度      ,2266,464,经济建设,统计,业务类,普通公开,每年,2012/12/4,XLS
 上海市卫生监督机构      ,1164,251,机构团体,医药卫生管理,机构职能,普通公开,每年,2014/11/27,XLS
 历次人口普查资料      ,2231,673,社会发展,统计,业务类,普通公开,每年,2012/12/4,XLS
 全市道路货运搬场企业名录      ,2240,494,道路交通,企业,业务类,普通公开,每半年,2012/11/26,XLSX
 上海人均生产总值统计      ,2225,511,经济建设,统计,业务类,普通公开,每年,2012/12/4,XLS
 上海1000万美元以上外商投资项目情况      ,2204,526,经济建设,对外贸易,业务类,普通公开,每半年,2012/12/7,XLSX
 全市规土局、协会名录      ,2184,474,机构团体,城乡规划,机构职能,普通公开,每年,2012/12/20,XLS
 上海市停车场位置查询      ,2205,597,道路交通,交通运输,业务类,普通公开,每月,2012/11/29,API
 房地产交易中心名录      ,2179,684,机构团体,房地产,业务类,普通公开,每年,2012/12/14,XLS
 水务海洋业务受理综合信息-收件公告      ,966,10,资源环境,水利,业务类,普通公开,每日,2015/3/12,API
 上海市白蚁防治机构一览表      ,2162,575,民生服务,房地产,其他类,普通公开,每月,2012/11/22,XLS
 市筹公租房申请受理点信息      ,2126,647,机构团体,房地产,业务类,普通公开,每年,2012/12/14,XLS
 浦东新区分局外资企业设立公告数据      ,56,4,,经济管理,机构职能,普通公开,,2016/11/23,API
 浦东新区分局外资企业注销公告数据      ,56,6,,经济管理,机构职能,普通公开,,2016/11/23,API
 上海市民办教育机构查询应用      ,1115,195,教育科技,教育,业务类,普通公开,每年,2014/11/5,API
 执业经纪人信息      ,529,7,,经济管理,业务类,"依申请公开
          
          
          
   
    
             
         
          
			   申请 ",,2015/12/16,API
 当前交易地块信息      ,2031,467,城市建设,土地,业务类,普通公开,每年,2012/12/20,XLS
 强制戒毒所信息      ,2071,407,公共安全,公安,业务类,普通公开,每年,2012/11/20,XLSX
 上海开发区基本情况      ,2024,474,经济建设,商贸综合类,业务类,普通公开,每年,2012/12/7,XLSX
 浦东新区分局外国（地区）常驻代表机构设立公告数据      ,53,9,,经济管理,机构职能,普通公开,,2016/11/23,API
 医保中心相关信息      ,964,102,卫生健康,医疗保健,其他类,普通公开,网站实时更新,2015/1/19,API
 工程设计中标信息      ,1998,357,城市建设,城乡建设,业务类,普通公开,每月,2012/11/29,XLS
 企业工商信息      ,978,136,经济建设,工商,业务类,普通公开,即时,2014/12/29,API
 全市消费维权点分布数据       ,1997,331,机构团体,工商,业务类,普通公开,每年,2012/11/23,XLS
 全市机动车维修行业统计      ,1972,512,道路交通,交通运输,业务类,普通公开,每半年,2012/11/28,ZIP
 国内航运企业名录      ,1972,560,道路交通,交通运输,业务类,普通公开,每半年,2012/11/28,ZIP
 营业执照公示查询      ,1978,321,经济建设,工商,业务类,普通公开,每天,2012/11/22,API
 医保药品目录      ,935,119,卫生健康,医疗保健,其他类,普通公开,网站实时更新,2015/1/19,API
 上海固定资产投资及增速      ,1936,378,经济建设,统计,业务类,普通公开,每年,2012/12/4,XLS
 上海轻重工业总产值      ,1936,415,经济建设,统计,业务类,普通公开,每年,2012/12/4,XLS
 上海商品零售价格      ,1926,367,民生服务,统计,业务类,普通公开,每年,2012/12/4,XLS
 住宅工程竣工备案信息      ,1929,392,城市建设,城乡建设,业务类,普通公开,每月,2012/11/29,XLS
 医保定点医院      ,920,105,卫生健康,医疗保健,其他类,普通公开,网站实时更新,2015/1/19,API
 上海全球贸促机构基本情况      ,1904,360,经济建设,商贸综合类,业务类,普通公开,每年,2012/12/7,XLSX
 排水工程建设信息服务接口      ,436,58,,农业、水利,业务类,普通公开,,2016/1/25,API
 连续性内部资料信息      ,923,70,文化休闲,新闻出版,业务类,普通公开,每年,2015/1/6,API
 采矿许可证信息      ,1853,312,资源环境,矿藏,业务类,普通公开,每年,2012/12/20,XLS
 港口经营企业名录      ,1831,497,道路交通,交通运输,业务类,普通公开,每半年,2012/11/28,ZIP
 测绘资质单位名录      ,1778,343,城市建设,城乡规划,机构职能,普通公开,每年,2012/12/20,XLS
 区县住房保障中心名录      ,1780,345,机构团体,房地产,业务类,普通公开,每年,2012/12/14,XLS
 上海市跨境人民币结算试点企业情况      ,1786,563,经济建设,对外贸易,业务类,普通公开,每年,2012/12/7,XLS
 全市2011年机动车维修质量信誉考核3A企业名录      ,1794,380,道路交通,交通运输,业务类,普通公开,每半年,2012/11/26,ZIP
 期刊基本信息      ,860,48,文化休闲,新闻出版,业务类,普通公开,每年,2015/1/6,API
 上海市会计从业资格考试成绩查询      ,876,68,教育科技,会计,业务类,特定公开,每月,2014/12/23,API
 医保定点药房      ,840,61,卫生健康,医疗保健,其他类,普通公开,网站实时更新,2015/1/19,API
 地质灾害防治单位名录      ,1730,265,城市建设,矿藏,机构职能,普通公开,每年,2012/12/20,XLS
 浦东新区分局外国（地区）常驻代表机构撤销公告数据       ,1755,294,经济建设,工商,业务类,普通公开,每年,2012/11/23,XLS
 人才服务中心相关信息      ,833,60,机构团体,劳动人事综合类,其他类,普通公开,网站实时更新,2015/1/19,API
 建设用地规划许可证      ,1718,321,城市建设,城乡规划,业务类,普通公开,每年,2012/12/20,XLS
 上海市轨道周边公交      ,1741,364,道路交通,交通运输,业务类,普通公开,每周,2012/11/28,API
 市局外资企业设立公告数据       ,1731,315,经济建设,工商,业务类,普通公开,每年,2012/11/23,XLS
 各行业职工人数（2011）      ,1717,372,社会发展,统计,业务类,普通公开,每年,2012/12/4,XLS
 主要年份非公有制经济增加值(按产业分)      ,1713,283,经济建设,统计,业务类,普通公开,每年,2012/12/4,XLS
 上海住宅投资和竣工面积      ,1706,448,城市建设,统计,业务类,普通公开,每年,2012/12/4,XLS
 上海服务外包专业园区基本情况      ,1694,368,经济建设,商贸综合类,业务类,普通公开,每年,2012/12/7,XLSX
 房地产估价企业信息      ,1672,373,城市建设,房地产,业务类,普通公开,每年,2012/12/18,XLS
 联合国贸易网点信息      ,1683,200,经济建设,商贸综合类,业务类,普通公开,每年,2012/12/7,API
 市社保中心各分中心相关信息      ,807,41,机构团体,劳动人事综合类,其他类,普通公开,网站实时更新,2015/1/19,API
 市局外资企业撤销公告数据       ,1694,297,经济建设,工商,业务类,普通公开,每年,2012/11/23,XLS
 历年国民经济主要指标比上年增长      ,1681,303,经济建设,统计,业务类,普通公开,每年,2012/12/4,XLS
 固定形式印刷品广告登记证      ,443,4,,经济管理,业务类,"依申请公开
          
          
          
   
    
             
         
          
			   申请 ",,2015/12/3,API
 城乡规划编制资质单位名录      ,1646,322,城市建设,城乡规划,机构职能,普通公开,每年,2012/12/20,XLS
 内资企业名称变更公告数据      ,1650,289,经济建设,工商,业务类,普通公开,每年,2012/11/23,XLS
 按季纳税申报企业名单查询      ,819,118,经济建设,税务,业务类,普通公开,每年,2014/12/11,API
 内资企业注销公告数据      ,1624,285,经济建设,工商,业务类,普通公开,每年,2012/11/23,XLS
 营业执照公示查询查询服务应用      ,792,52,经济建设,工商,业务类,普通公开,即时,2014/12/29,API
 海塘类基础数据      ,367,28,,农业、水利,业务类,普通公开,,2016/1/25,API
 上海电子商务示范企业基本情况      ,1576,367,经济建设,商贸综合类,业务类,普通公开,每年,2012/12/7,XLSX
 市局外国（地区）常驻代表机构设立公告数据       ,1584,251,经济建设,工商,业务类,普通公开,每年,2012/11/23,XLS
 市局外资企业名称变更公告数据      ,41,6,,经济管理,机构职能,普通公开,,2016/11/23,API
 市局外资企业名称变更公告数据       ,1570,276,经济建设,工商,业务类,普通公开,每年,2012/11/23,XLS
 拆房安全管理办事机构名录      ,1542,290,机构团体,房地产,业务类,普通公开,每年,2012/12/18,XLS
 上海市中外合作办学机构/项目查询应用      ,823,96,教育科技,教育,业务类,普通公开,每年,2014/11/5,API
 市局外资企业注销公告数据       ,1555,261,经济建设,工商,业务类,普通公开,每年,2012/11/23,XLS
 上海全社会固定资产投按管理渠道分      ,1543,327,经济建设,统计,业务类,普通公开,每年,2012/12/4,XLS
 上海对外承包工程完成营业额      ,1536,515,经济建设,对外贸易,业务类,普通公开,每年,2012/12/7,XLS
 图书出版机构      ,750,41,文化休闲,新闻出版,业务类,普通公开,每年,2015/1/6,API
 上海社会经济主要指标占全国比重 (2011)      ,1520,304,经济建设,统计,业务类,普通公开,每年,2012/12/4,XLS
 上海市实施“走出去”战略先进企业情况      ,1514,312,经济建设,商贸综合类,业务类,普通公开,每年,2012/12/7,XLSX
 上海居民消费价格      ,1505,339,经济建设,统计,业务类,普通公开,每年,2012/12/4,XLS
 堤防部件数据      ,404,44,,农业、水利,业务类,普通公开,,2015/11/18,API
 网络游戏产品信息      ,714,40,文化休闲,新闻出版,业务类,普通公开,每年,2015/1/6,API
 上海市历史风貌保护区      ,1445,318,文化休闲,城乡规划,业务类,普通公开,每年,2012/12/20,API
 工程施工中标信息      ,1448,308,城市建设,城乡建设,业务类,普通公开,每月,2012/11/29,XLS
 各区（县）房屋应急维修信息      ,1451,323,城市建设,房地产,业务类,普通公开,每年,2012/11/22,XLS
 广告经营许可证查询服务应用      ,702,31,经济建设,工商,业务类,普通公开,即时,2014/12/29,API
 上海市商品住宅维修资金专户年度归集和划转统计表      ,1434,303,城市建设,房地产,业务类,普通公开,每年,2012/11/22,XLS
 拆除施工企业信息      ,1406,296,城市建设,房地产,业务类,普通公开,每年,2012/12/18,XLS
 浦东新区分局外国（地区）常驻代表机构注销公告数据       ,1428,270,经济建设,工商,业务类,普通公开,每年,2012/11/23,XLS
 上海市展会项目基本情况      ,1407,315,经济建设,商贸综合类,业务类,普通公开,每月,2012/12/7,XLSX
 建设项目选址意见书      ,1388,249,城市建设,城乡规划,业务类,普通公开,每年,2012/12/20,XLS
 上海外商投资环境白皮书      ,1395,320,经济建设,商贸综合类,其他类,普通公开,每年,2012/12/7,XLSX
 备案建材信息      ,1392,327,城市建设,城乡建设,业务类,普通公开,每月,2012/11/29,XLSX
 各区房地集团直管公房咨询、信访接待联系方式      ,1393,312,城市建设,房地产,其他类,普通公开,每年,2012/11/22,XLS
 浦东新区分局外国（地区）常驻代表机构设立公告数据      ,1387,277,经济建设,工商,业务类,普通公开,每年,2012/11/23,XLS
 内资企业名称变更公告数据      ,36,5,,经济管理,机构职能,普通公开,,2016/11/23,API
 上海社会消费品零售总额按用途分      ,1374,303,经济建设,统计,业务类,普通公开,每年,2012/12/4,XLS
 上海社会消费品零售总额按行业分      ,1372,305,经济建设,统计,业务类,普通公开,每年,2012/12/4,XLS
 主要年份上海市生产总值(按三次产业分)      ,1371,292,经济建设,统计,业务类,普通公开,每年,2012/12/4,XLS
 浦东新区分局外资企业设立公告数据      ,1376,284,经济建设,工商,业务类,普通公开,每年,2012/11/23,XLS
 音像、电子出版机构      ,665,25,文化休闲,新闻出版,业务类,普通公开,每年,2015/1/6,API
 上海市生产总值统计      ,1361,297,经济建设,统计,业务类,普通公开,每年,2012/12/4,XLS
 上海服务外包示范区基本情况      ,1351,77,经济建设,商贸综合类,业务类,普通公开,每年,2012/12/7,API
 各行业在岗职工人数（2011）      ,1351,288,社会发展,统计,业务类,普通公开,每年,2012/12/4,XLS
 房屋质量检测人员信息       ,1335,304,城市建设,房地产,业务类,普通公开,每年,2012/12/18,XLS
 探矿许可证信息      ,1330,246,城市建设,矿藏,业务类,普通公开,每年,2012/12/20,XLS
 土地出让公告信息      ,1328,216,城市建设,土地,业务类,普通公开,每年,2012/12/20,API
 浦东新区分局外国（地区）常驻代表机构名称变更公告数据      ,1350,255,经济建设,工商,业务类,普通公开,每年,2012/11/23,XLS
 上海单位生产总值能耗      ,1336,302,经济建设,统计,业务类,普通公开,每年,2012/12/4,XLS
 上海市房屋质量检测推荐单位信息      ,1327,302,城市建设,房地产,业务类,普通公开,每年,2012/12/14,XLS
 互联网出版单位信息      ,651,17,文化休闲,新闻出版,业务类,普通公开,每年,2015/1/6,API
 浦东新区分局外国（地区）常驻代表机构换证公告数据       ,1342,270,经济建设,工商,业务类,普通公开,每年,2012/11/23,XLS
 上海社会消费品零售总额按销售地区分      ,1322,305,经济建设,统计,业务类,普通公开,每年,2012/12/4,XLS
 浦东新区分局外资企业撤销公告数据       ,1323,253,经济建设,工商,业务类,普通公开,每年,2012/11/23,XLS
 上海工业总产值及其增长速度统计      ,1311,284,经济建设,统计,业务类,普通公开,每年,2012/12/4,XLS
 上海社会消费品零售总额按经济类型分      ,1307,289,经济建设,统计,业务类,普通公开,每年,2012/12/4,XLS
 主要年份上海市生产总值（按所有制分）      ,1303,280,经济建设,统计,业务类,普通公开,每年,2012/12/4,XLS
 上海建筑业总产值和全员劳动生产率      ,1295,279,经济建设,统计,业务类,普通公开,每年,2012/12/4,XLS
 市局外国（地区）常驻代表机构注销公告数据       ,1303,261,经济建设,工商,业务类,普通公开,每年,2012/11/23,XLS
 上海食用农产品流通安全情况      ,1290,149,民生服务,商贸综合类,业务类,普通公开,每年,2012/12/7,API
 建设工程规划许可证（建筑类）      ,1277,260,城市建设,城乡规划,业务类,普通公开,每年,2012/12/20,XLS
 浦东新区分局外资企业注销公告数据      ,1289,257,经济建设,工商,业务类,普通公开,每年,2012/11/23,XLS
 市局外国（地区）常驻代表机构名称变更公告数据       ,1270,242,经济建设,工商,业务类,普通公开,每年,2012/11/23,XLS
 上海全社会固定资产投按经济类型分      ,1260,70,经济建设,统计,业务类,普通公开,每年,2012/12/4,API
 浦东新区分局外国（地区）常驻代表机构换证公告数据      ,33,5,,经济管理,机构职能,普通公开,,2016/11/23,API
 工程勘察中标信息      ,1264,21,城市建设,城乡建设,业务类,普通公开,每月,2012/11/29,XLS
 市局外国（地区）常驻代表机构撤销公告数据      ,1269,250,经济建设,工商,业务类,普通公开,每年,2012/11/23,XLS
 建设工程设计方案      ,1245,260,城市建设,城乡规划,业务类,普通公开,每年,2012/12/20,XLS
 1000万总产值规模以上印刷企业信息      ,612,13,文化休闲,新闻出版,业务类,普通公开,每年,2015/1/6,API
 市局外国（地区）常驻代表机构换证公告数据      ,1248,239,经济建设,工商,业务类,普通公开,每年,2012/11/23,XLS
 浦东新区分局外资企业名称变更公告数据      ,1241,250,经济建设,工商,业务类,普通公开,每年,2012/11/23,XLS
 工程监理中标信息      ,1235,243,城市建设,城乡建设,业务类,普通公开,每月,2012/11/29,XLS
 浦东新区分局外国（地区）常驻代表机构注销公告数据      ,32,7,,经济管理,机构职能,普通公开,,2016/11/23,API
 建设工程设计要求      ,1197,249,城市建设,城乡规划,业务类,普通公开,每年,2012/12/20,XLS
 建设工程规划许可证（市政类）      ,1176,234,城市建设,城乡规划,业务类,普通公开,每年,2012/12/20,XLS
 建设工程竣工规划验收合格证      ,1174,228,城市建设,城乡规划,业务类,普通公开,每年,2012/12/20,XLS
 内资企业注销公告数据      ,31,5,,经济管理,机构职能,普通公开,,2016/11/23,API
 浦东新区分局外国（地区）常驻代表机构名称变更公告数据      ,31,7,,经济管理,机构职能,普通公开,,2016/11/23,API
 新闻记者信息      ,561,21,文化休闲,新闻出版,业务类,普通公开,每年,2015/1/6,API
 海塘部件数据      ,316,32,,农业、水利,业务类,普通公开,,2015/11/18,API
 版权服务工作站      ,557,4,文化休闲,新闻出版,业务类,普通公开,每年,2015/1/6,API
 主要统计指标解释查询      ,1100,147,社会发展,统计,业务类,普通公开,每年,2013/1/28,API
 商贸企业证照查询      ,1094,389,经济建设,,,普通公开,每月,2013/1/11,API
 出版物进口经营单位信息      ,532,8,文化休闲,新闻出版,业务类,普通公开,每年,2015/1/6,API
 浦东新区分局外国（地区）常驻代表机构撤销公告数据      ,27,5,,经济管理,机构职能,普通公开,,2016/11/23,API
 上海市优秀历史建筑      ,953,148,文化休闲,城乡规划,业务类,普通公开,每年,2012/12/20,API
 浦东新区分局外资企业名称变更公告数据      ,21,4,,经济管理,机构职能,普通公开,,2016/11/23,API
 搜狗地图（语音导航）      ,694,184,道路交通,,,普通公开,每年,2013/1/11,API
 趣驾网      ,513,112,道路交通,,,普通公开,每年,2013/1/11,API
 泰为导航      ,459,88,道路交通,,,普通公开,每年,2013/1/11,API
 位智——社会化交通与导航应用      ,339,101,道路交通,,,普通公开,每年,2013/1/11,API
 大智慧金融信息平台（PC版）      ,317,73,经济建设,,,普通公开,实时,2013/1/10,API
 上海市级研发基地      ,242,59,教育科技,,,普通公开,即时,2013/1/10,API
 加盟研发平台的技术服务机构      ,222,32,教育科技,,,普通公开,即时,2013/1/10,API
 上海市大型科学仪器设施      ,217,44,教育科技,,,普通公开,即时,2013/1/10,API
 大智慧舆情数据终端（手机版）      ,213,36,经济建设,,,普通公开,即时,2013/1/10,API
